STRUCT,Info,3,,,
CPU name:,Intel(R) Core(TM) i5-4570 CPU @ 3.20GHz,,,,
CPU type:,Intel Core Haswell processor,,,,
CPU clock:,3.192579411 GHz,,,,
TABLE,Group 1 Raw,L3,5,,
Event,Counter,HWThread 0,HWThread 1,HWThread 2,HWThread 3
INSTR_RETIRED_ANY,FIXC0,68006790545,60117229958,7979789813,4798542146
CPU_CLK_UNHALTED_CORE,FIXC1,161527042513,166359520045,3496573926,2252994263
CPU_CLK_UNHALTED_REF,FIXC2,150663585280,155188717664,3209652000,2105008224
L2_LINES_IN_ALL,PMC0,2114677691,1966949803,18220884,16624753
L2_TRANS_L2_WB,PMC1,4412161,71,433549,414171
TABLE,Group 1 Raw STAT,L3,5,,
Event,Counter,Sum,Min,Max,Avg
INSTR_RETIRED_ANY STAT,FIXC0,140902352462,4798542146,68006790545,3.522559e+10
CPU_CLK_UNHALTED_CORE STAT,FIXC1,333636130747,2252994263,166359520045,8.340903e+10
CPU_CLK_UNHALTED_REF STAT,FIXC2,311166963168,2105008224,155188717664,77791740792
L2_LINES_IN_ALL STAT,PMC0,4116473131,16624753,2114677691,1.029118e+09
L2_TRANS_L2_WB STAT,PMC1,5259952,71,4412161,1314988
TABLE,Group 1 Metric,L3,10,,
Metric,HWThread 0,HWThread 1,HWThread 2,HWThread 3,
Runtime (RDTSC) [s],49.4915,49.4915,49.4915,49.4915,
Runtime unhalted [s],50.5945,52.1082,1.0952,0.7057,
Clock [MHz],3422.7774,3422.3878,3477.9752,3417.0238,
CPI,2.3752,2.7673,0.4382,0.4695,
L3 load bandwidth [MBytes/s],2734.5965,2543.5621,23.5623,21.4983,
L3 load data volume [GBytes],135.3394,125.8848,1.1661,1.0640,
L3 evict bandwidth [MBytes/s],5.7056,0.0001,0.5606,0.5356,
L3 evict data volume [GBytes],0.2824,4.544000e-06,0.0277,0.0265,
L3 bandwidth [MBytes/s],2740.3021,2543.5622,24.1230,22.0339,
L3 data volume [GBytes],135.6218,125.8848,1.1939,1.0905,
TABLE,Group 1 Metric STAT,L3,10,,
Metric,Sum,Min,Max,Avg,
Runtime (RDTSC) [s] STAT,197.9660,49.4915,49.4915,49.4915,
Runtime unhalted [s] STAT,104.5036,0.7057,52.1082,26.1259,
Clock [MHz] STAT,13740.1642,3417.0238,3477.9752,3435.0410,
CPI STAT,6.0502,0.4382,2.7673,1.5126,
L3 load bandwidth [MBytes/s] STAT,5323.2192,21.4983,2734.5965,1330.8048,
L3 load data volume [GBytes] STAT,263.4543,1.0640,135.3394,65.8636,
L3 evict bandwidth [MBytes/s] STAT,6.8019,0.0001,5.7056,1.7005,
L3 evict data volume [GBytes] STAT,0.3366,4.544000e-06,0.2824,0.0842,
L3 bandwidth [MBytes/s] STAT,5330.0212,22.0339,2740.3021,1332.5053,
L3 data volume [GBytes] STAT,263.7910,1.0905,135.6218,65.9477,
