STRUCT,Info,3,,,
CPU name:,Intel(R) Core(TM) i5-4570 CPU @ 3.20GHz,,,,
CPU type:,Intel Core Haswell processor,,,,
CPU clock:,3.192469728 GHz,,,,
TABLE,Group 1 Raw,L3,5,,
Event,Counter,HWThread 0,HWThread 1,HWThread 2,HWThread 3
INSTR_RETIRED_ANY,FIXC0,178579148585,186472903525,178713170414,178555590125
CPU_CLK_UNHALTED_CORE,FIXC1,104038147383,107829858079,102808934596,103807720290
CPU_CLK_UNHALTED_REF,FIXC2,99323201920,102701909184,98196762784,99102030208
L2_LINES_IN_ALL,PMC0,2569788633,2608669430,2573024142,2574583587
L2_TRANS_L2_WB,PMC1,1624945,9307555,1589287,1601810
TABLE,Group 1 Raw STAT,L3,5,,
Event,Counter,Sum,Min,Max,Avg
INSTR_RETIRED_ANY STAT,FIXC0,722320812649,178555590125,186472903525,1.805802e+11
CPU_CLK_UNHALTED_CORE STAT,FIXC1,418484660348,102808934596,107829858079,104621165087
CPU_CLK_UNHALTED_REF STAT,FIXC2,399323904096,98196762784,102701909184,99830976024
L2_LINES_IN_ALL STAT,PMC0,10326065792,2569788633,2608669430,2581516448
L2_TRANS_L2_WB STAT,PMC1,14123597,1589287,9307555,3.530899e+06
TABLE,Group 1 Metric,L3,10,,
Metric,HWThread 0,HWThread 1,HWThread 2,HWThread 3,
Runtime (RDTSC) [s],32.3799,32.3799,32.3799,32.3799,
Runtime unhalted [s],32.5886,33.7763,32.2036,32.5164,
Clock [MHz],3344.0186,3351.8711,3342.4158,3344.0587,
CPI,0.5826,0.5783,0.5753,0.5814,
L3 load bandwidth [MBytes/s],5079.2845,5156.1339,5085.6796,5088.7619,
L3 load data volume [GBytes],164.4665,166.9548,164.6735,164.7733,
L3 evict bandwidth [MBytes/s],3.2118,18.3967,3.1413,3.1660,
L3 evict data volume [GBytes],0.1040,0.5957,0.1017,0.1025,
L3 bandwidth [MBytes/s],5082.4963,5174.5306,5088.8209,5091.9280,
L3 data volume [GBytes],164.5705,167.5505,164.7753,164.8759,
TABLE,Group 1 Metric STAT,L3,10,,
Metric,Sum,Min,Max,Avg,
Runtime (RDTSC) [s] STAT,129.5196,32.3799,32.3799,32.3799,
Runtime unhalted [s] STAT,131.0849,32.2036,33.7763,32.7712,
Clock [MHz] STAT,13382.3642,3342.4158,3351.8711,3345.5910,
CPI STAT,2.3176,0.5753,0.5826,0.5794,
L3 load bandwidth [MBytes/s] STAT,20409.8599,5079.2845,5156.1339,5102.4650,
L3 load data volume [GBytes] STAT,660.8681,164.4665,166.9548,165.2170,
L3 evict bandwidth [MBytes/s] STAT,27.9158,3.1413,18.3967,6.9790,
L3 evict data volume [GBytes] STAT,0.9039,0.1017,0.5957,0.2260,
L3 bandwidth [MBytes/s] STAT,20437.7758,5082.4963,5174.5306,5109.4439,
L3 data volume [GBytes] STAT,661.7722,164.5705,167.5505,165.4430,
