STRUCT,Info,3,,,
CPU name:,Intel(R) Core(TM) i5-4570 CPU @ 3.20GHz,,,,
CPU type:,Intel Core Haswell processor,,,,
CPU clock:,3.192598501 GHz,,,,
TABLE,Group 1 Raw,L3,5,,
Event,Counter,HWThread 0,HWThread 1,HWThread 2,HWThread 3
INSTR_RETIRED_ANY,FIXC0,176623192399,182523509887,176690140528,176717858760
CPU_CLK_UNHALTED_CORE,FIXC1,71729908053,76057204399,72165392219,72222497907
CPU_CLK_UNHALTED_REF,FIXC2,67843182144,71726341920,68240711392,68292630912
L2_LINES_IN_ALL,PMC0,200075277,217448589,210292249,207069651
L2_TRANS_L2_WB,PMC1,449249,4890947,350990,490896
TABLE,Group 1 Raw STAT,L3,5,,
Event,Counter,Sum,Min,Max,Avg
INSTR_RETIRED_ANY STAT,FIXC0,712554701574,176623192399,182523509887,1.781387e+11
CPU_CLK_UNHALTED_CORE STAT,FIXC1,292175002578,71729908053,76057204399,7.304375e+10
CPU_CLK_UNHALTED_REF STAT,FIXC2,276102866368,67843182144,71726341920,69025716592
L2_LINES_IN_ALL STAT,PMC0,834885766,200075277,217448589,2.087214e+08
L2_TRANS_L2_WB STAT,PMC1,6182082,350990,4890947,1.545520e+06
TABLE,Group 1 Metric,L3,10,,
Metric,HWThread 0,HWThread 1,HWThread 2,HWThread 3,
Runtime (RDTSC) [s],22.5334,22.5334,22.5334,22.5334,
Runtime unhalted [s],22.4676,23.8230,22.6040,22.6219,
Clock [MHz],3375.5020,3385.3688,3376.2122,3376.3151,
CPI,0.4061,0.4167,0.4084,0.4087,
L3 load bandwidth [MBytes/s],568.2607,617.6049,597.2792,588.1263,
L3 load data volume [GBytes],12.8048,13.9167,13.4587,13.2525,
L3 evict bandwidth [MBytes/s],1.2760,13.8914,0.9969,1.3943,
L3 evict data volume [GBytes],0.0288,0.3130,0.0225,0.0314,
L3 bandwidth [MBytes/s],569.5366,631.4964,598.2761,589.5206,
L3 data volume [GBytes],12.8336,14.2297,13.4812,13.2839,
TABLE,Group 1 Metric STAT,L3,10,,
Metric,Sum,Min,Max,Avg,
Runtime (RDTSC) [s] STAT,90.1336,22.5334,22.5334,22.5334,
Runtime unhalted [s] STAT,91.5165,22.4676,23.8230,22.8791,
Clock [MHz] STAT,13513.3981,3375.5020,3385.3688,3378.3495,
CPI STAT,1.6399,0.4061,0.4167,0.4100,
L3 load bandwidth [MBytes/s] STAT,2371.2711,568.2607,617.6049,592.8178,
L3 load data volume [GBytes] STAT,53.4327,12.8048,13.9167,13.3582,
L3 evict bandwidth [MBytes/s] STAT,17.5586,0.9969,13.8914,4.3897,
L3 evict data volume [GBytes] STAT,0.3957,0.0225,0.3130,0.0989,
L3 bandwidth [MBytes/s] STAT,2388.8297,569.5366,631.4964,597.2074,
L3 data volume [GBytes] STAT,53.8284,12.8336,14.2297,13.4571,
