STRUCT,Info,3,,,
CPU name:,Intel(R) Core(TM) i5-4570 CPU @ 3.20GHz,,,,
CPU type:,Intel Core Haswell processor,,,,
CPU clock:,3.192504933 GHz,,,,
TABLE,Group 1 Raw,L3,5,,
Event,Counter,HWThread 0,HWThread 1,HWThread 2,HWThread 3
INSTR_RETIRED_ANY,FIXC0,212065126210,215957673107,197950616419,199234297603
CPU_CLK_UNHALTED_CORE,FIXC1,267142793258,270815107943,267116427776,267170865092
CPU_CLK_UNHALTED_REF,FIXC2,254931619808,258203131360,254905466976,254958490720
L2_LINES_IN_ALL,PMC0,1626639967,1966936458,2303606375,2111842299
L2_TRANS_L2_WB,PMC1,78013,7226928,262489,49339
TABLE,Group 1 Raw STAT,L3,5,,
Event,Counter,Sum,Min,Max,Avg
INSTR_RETIRED_ANY STAT,FIXC0,825207713339,197950616419,215957673107,2.063019e+11
CPU_CLK_UNHALTED_CORE STAT,FIXC1,1072245194069,267116427776,270815107943,2.680613e+11
CPU_CLK_UNHALTED_REF STAT,FIXC2,1022998708864,254905466976,258203131360,255749677216
L2_LINES_IN_ALL STAT,PMC0,8009025099,1626639967,2303606375,2.002256e+09
L2_TRANS_L2_WB STAT,PMC1,7616769,49339,7226928,1.904192e+06
TABLE,Group 1 Metric,L3,10,,
Metric,HWThread 0,HWThread 1,HWThread 2,HWThread 3,
Runtime (RDTSC) [s],81.2972,81.2972,81.2972,81.2972,
Runtime unhalted [s],83.6781,84.8284,83.6699,83.6869,
Clock [MHz],3345.4253,3348.4434,3345.4383,3345.4242,
CPI,1.2597,1.2540,1.3494,1.3410,
L3 load bandwidth [MBytes/s],1280.5486,1548.4420,1813.4805,1662.5170,
L3 load data volume [GBytes],104.1050,125.8839,147.4308,135.1579,
L3 evict bandwidth [MBytes/s],0.0614,5.6893,0.2066,0.0388,
L3 evict data volume [GBytes],0.0050,0.4625,0.0168,0.0032,
L3 bandwidth [MBytes/s],1280.6100,1554.1313,1813.6871,1662.5559,
L3 data volume [GBytes],104.1100,126.3465,147.4476,135.1611,
TABLE,Group 1 Metric STAT,L3,10,,
Metric,Sum,Min,Max,Avg,
Runtime (RDTSC) [s] STAT,325.1888,81.2972,81.2972,81.2972,
Runtime unhalted [s] STAT,335.8633,83.6699,84.8284,83.9658,
Clock [MHz] STAT,13384.7312,3345.4242,3348.4434,3346.1828,
CPI STAT,5.2041,1.2540,1.3494,1.3010,
L3 load bandwidth [MBytes/s] STAT,6304.9881,1280.5486,1813.4805,1576.2470,
L3 load data volume [GBytes] STAT,512.5776,104.1050,147.4308,128.1444,
L3 evict bandwidth [MBytes/s] STAT,5.9961,0.0388,5.6893,1.4990,
L3 evict data volume [GBytes] STAT,0.4875,0.0032,0.4625,0.1219,
L3 bandwidth [MBytes/s] STAT,6310.9843,1280.6100,1813.6871,1577.7461,
L3 data volume [GBytes] STAT,513.0652,104.1100,147.4476,128.2663,
