STRUCT,Info,3,,,
CPU name:,Intel(R) Core(TM) i5-4570 CPU @ 3.20GHz,,,,
CPU type:,Intel Core Haswell processor,,,,
CPU clock:,3.192559554 GHz,,,,
TABLE,Group 1 Raw,L3,5,,
Event,Counter,HWThread 0,HWThread 1,HWThread 2,HWThread 3
INSTR_RETIRED_ANY,FIXC0,177335683187,177297616899,177233458395,184323564300
CPU_CLK_UNHALTED_CORE,FIXC1,156646711160,161708052835,154699175517,161325151815
CPU_CLK_UNHALTED_REF,FIXC2,148083257088,152583339360,146248559424,152226513728
L2_LINES_IN_ALL,PMC0,4432096321,4437029432,4422477888,4434529102
L2_TRANS_L2_WB,PMC1,2120023210,2122818237,2128510400,2127378121
TABLE,Group 1 Raw STAT,L3,5,,
Event,Counter,Sum,Min,Max,Avg
INSTR_RETIRED_ANY STAT,FIXC0,716190322781,177233458395,184323564300,1.790476e+11
CPU_CLK_UNHALTED_CORE STAT,FIXC1,634379091327,154699175517,161708052835,1.585948e+11
CPU_CLK_UNHALTED_REF STAT,FIXC2,599141669600,146248559424,152583339360,149785417400
L2_LINES_IN_ALL STAT,PMC0,17726132743,4422477888,4437029432,4.431533e+09
L2_TRANS_L2_WB STAT,PMC1,8498729968,2120023210,2128510400,2124682492
TABLE,Group 1 Metric,L3,10,,
Metric,HWThread 0,HWThread 1,HWThread 2,HWThread 3,
Runtime (RDTSC) [s],49.0621,49.0621,49.0621,49.0621,
Runtime unhalted [s],49.0662,50.6515,48.4562,50.5316,
Clock [MHz],3377.1809,3383.4794,3377.0338,3383.3801,
CPI,0.8833,0.9121,0.8729,0.8752,
L3 load bandwidth [MBytes/s],5781.5290,5787.9641,5768.9821,5784.7025,
L3 load data volume [GBytes],283.6542,283.9699,283.0386,283.8099,
L3 evict bandwidth [MBytes/s],2765.5030,2769.1490,2776.5743,2775.0973,
L3 evict data volume [GBytes],135.6815,135.8604,136.2247,136.1522,
L3 bandwidth [MBytes/s],8547.0320,8557.1131,8545.5564,8559.7998,
L3 data volume [GBytes],419.3356,419.8303,419.2633,419.9621,
TABLE,Group 1 Metric STAT,L3,10,,
Metric,Sum,Min,Max,Avg,
Runtime (RDTSC) [s] STAT,196.2484,49.0621,49.0621,49.0621,
Runtime unhalted [s] STAT,198.7055,48.4562,50.6515,49.6764,
Clock [MHz] STAT,13521.0742,3377.0338,3383.4794,3380.2686,
CPI STAT,3.5435,0.8729,0.9121,0.8859,
L3 load bandwidth [MBytes/s] STAT,23123.1777,5768.9821,5787.9641,5780.7944,
L3 load data volume [GBytes] STAT,1134.4726,283.0386,283.9699,283.6182,
L3 evict bandwidth [MBytes/s] STAT,11086.3236,2765.5030,2776.5743,2771.5809,
L3 evict data volume [GBytes] STAT,543.9188,135.6815,136.2247,135.9797,
L3 bandwidth [MBytes/s] STAT,34209.5013,8545.5564,8559.7998,8552.3753,
L3 data volume [GBytes] STAT,1678.3913,419.2633,419.9621,419.5978,
