STRUCT,Info,3,,,
CPU name:,Intel(R) Core(TM) i5-4570 CPU @ 3.20GHz,,,,
CPU type:,Intel Core Haswell processor,,,,
CPU clock:,3.192543216 GHz,,,,
TABLE,Group 1 Raw,L3,5,,
Event,Counter,HWThread 0,HWThread 1,HWThread 2,HWThread 3
INSTR_RETIRED_ANY,FIXC0,11259476,10151282614,1450459,9090472353
CPU_CLK_UNHALTED_CORE,FIXC1,37399412,6802422243,6420075,5834541546
CPU_CLK_UNHALTED_REF,FIXC2,34050208,6068069184,5888352,5191680256
L2_LINES_IN_ALL,PMC0,1030985,323546642,139834,314322663
L2_TRANS_L2_WB,PMC1,24569,5992187,2399,485694
TABLE,Group 1 Raw STAT,L3,5,,
Event,Counter,Sum,Min,Max,Avg
INSTR_RETIRED_ANY STAT,FIXC0,19254464902,1450459,10151282614,4.813616e+09
CPU_CLK_UNHALTED_CORE STAT,FIXC1,12680783276,6420075,6802422243,3170195819
CPU_CLK_UNHALTED_REF STAT,FIXC2,11299688000,5888352,6068069184,2824922000
L2_LINES_IN_ALL STAT,PMC0,639040124,139834,323546642,159760031
L2_TRANS_L2_WB STAT,PMC1,6504849,2399,5992187,1.626212e+06
TABLE,Group 1 Metric,L3,10,,
Metric,HWThread 0,HWThread 1,HWThread 2,HWThread 3,
Runtime (RDTSC) [s],1.9348,1.9348,1.9348,1.9348,
Runtime unhalted [s],0.0117,2.1307,0.0020,1.8276,
Clock [MHz],3506.5642,3578.9023,3480.8325,3587.8608,
CPI,3.3216,0.6701,4.4262,0.6418,
L3 load bandwidth [MBytes/s],34.1033,10702.4001,4.6255,10397.2858,
L3 load data volume [GBytes],0.0660,20.7070,0.0089,20.1167,
L3 evict bandwidth [MBytes/s],0.8127,198.2119,0.0794,16.0660,
L3 evict data volume [GBytes],0.0016,0.3835,0.0002,0.0311,
L3 bandwidth [MBytes/s],34.9160,10900.6119,4.7048,10413.3517,
L3 data volume [GBytes],0.0676,21.0905,0.0091,20.1477,
TABLE,Group 1 Metric STAT,L3,10,,
Metric,Sum,Min,Max,Avg,
Runtime (RDTSC) [s] STAT,7.7392,1.9348,1.9348,1.9348,
Runtime unhalted [s] STAT,3.9720,0.0020,2.1307,0.9930,
Clock [MHz] STAT,14154.1598,3480.8325,3587.8608,3538.5400,
CPI STAT,9.0597,0.6418,4.4262,2.2649,
L3 load bandwidth [MBytes/s] STAT,21138.4147,4.6255,10702.4001,5284.6037,
L3 load data volume [GBytes] STAT,40.8986,0.0089,20.7070,10.2247,
L3 evict bandwidth [MBytes/s] STAT,215.1700,0.0794,198.2119,53.7925,
L3 evict data volume [GBytes] STAT,0.4164,0.0002,0.3835,0.1041,
L3 bandwidth [MBytes/s] STAT,21353.5844,4.7048,10900.6119,5338.3961,
L3 data volume [GBytes] STAT,41.3149,0.0091,21.0905,10.3287,
