STRUCT,Info,3,,,
CPU name:,Intel(R) Core(TM) i5-4570 CPU @ 3.20GHz,,,,
CPU type:,Intel Core Haswell processor,,,,
CPU clock:,3.192582517 GHz,,,,
TABLE,Group 1 Raw,L3,5,,
Event,Counter,HWThread 0,HWThread 1,HWThread 2,HWThread 3
INSTR_RETIRED_ANY,FIXC0,43341825746,68401667,63396410,42368563471
CPU_CLK_UNHALTED_CORE,FIXC1,60754077041,196668620,166573874,60007192557
CPU_CLK_UNHALTED_REF,FIXC2,55339819456,182405056,154680192,54649698080
L2_LINES_IN_ALL,PMC0,340316773,6053939,5549516,314364941
L2_TRANS_L2_WB,PMC1,10605747,134263,133509,518444
TABLE,Group 1 Raw STAT,L3,5,,
Event,Counter,Sum,Min,Max,Avg
INSTR_RETIRED_ANY STAT,FIXC0,85842187294,63396410,43341825746,2.146055e+10
CPU_CLK_UNHALTED_CORE STAT,FIXC1,121124512092,166573874,60754077041,30281128023
CPU_CLK_UNHALTED_REF STAT,FIXC2,110326602784,154680192,55339819456,27581650696
L2_LINES_IN_ALL STAT,PMC0,666285169,5549516,340316773,1.665713e+08
L2_TRANS_L2_WB STAT,PMC1,11391963,133509,10605747,2.847991e+06
TABLE,Group 1 Metric,L3,10,,
Metric,HWThread 0,HWThread 1,HWThread 2,HWThread 3,
Runtime (RDTSC) [s],17.4822,17.4822,17.4822,17.4822,
Runtime unhalted [s],19.0298,0.0616,0.0522,18.7958,
Clock [MHz],3504.9338,3442.2335,3438.0668,3505.5622,
CPI,1.4017,2.8752,2.6275,1.4163,
L3 load bandwidth [MBytes/s],1245.8575,22.1627,20.3161,1150.8511,
L3 load data volume [GBytes],21.7803,0.3875,0.3552,20.1194,
L3 evict bandwidth [MBytes/s],38.8263,0.4915,0.4888,1.8980,
L3 evict data volume [GBytes],0.6788,0.0086,0.0085,0.0332,
L3 bandwidth [MBytes/s],1284.6838,22.6542,20.8048,1152.7490,
L3 data volume [GBytes],22.4590,0.3960,0.3637,20.1525,
TABLE,Group 1 Metric STAT,L3,10,,
Metric,Sum,Min,Max,Avg,
Runtime (RDTSC) [s] STAT,69.9288,17.4822,17.4822,17.4822,
Runtime unhalted [s] STAT,37.9394,0.0522,19.0298,9.4848,
Clock [MHz] STAT,13890.7963,3438.0668,3505.5622,3472.6991,
CPI STAT,8.3207,1.4017,2.8752,2.0802,
L3 load bandwidth [MBytes/s] STAT,2439.1874,20.3161,1245.8575,609.7969,
L3 load data volume [GBytes] STAT,42.6424,0.3552,21.7803,10.6606,
L3 evict bandwidth [MBytes/s] STAT,41.7046,0.4888,38.8263,10.4262,
L3 evict data volume [GBytes] STAT,0.7291,0.0085,0.6788,0.1823,
L3 bandwidth [MBytes/s] STAT,2480.8918,20.8048,1284.6838,620.2230,
L3 data volume [GBytes] STAT,43.3712,0.3637,22.4590,10.8428,
