STRUCT,Info,3,,,
CPU name:,Intel(R) Core(TM) i5-4570 CPU @ 3.20GHz,,,,
CPU type:,Intel Core Haswell processor,,,,
CPU clock:,3.19257679 GHz,,,,
TABLE,Group 1 Raw,L3,5,,
Event,Counter,HWThread 0,HWThread 1,HWThread 2,HWThread 3
INSTR_RETIRED_ANY,FIXC0,9934905273,8883603009,23106472,11057987
CPU_CLK_UNHALTED_CORE,FIXC1,13374355159,12548630995,188707446,112142727
CPU_CLK_UNHALTED_REF,FIXC2,12860697504,12090473568,179830240,106856160
L2_LINES_IN_ALL,PMC0,316863210,309050013,2058814,1113250
L2_TRANS_L2_WB,PMC1,161947412,158461418,20973,6540
TABLE,Group 1 Raw STAT,L3,5,,
Event,Counter,Sum,Min,Max,Avg
INSTR_RETIRED_ANY STAT,FIXC0,18852672741,11057987,9934905273,4.713168e+09
CPU_CLK_UNHALTED_CORE STAT,FIXC1,26223836327,112142727,13374355159,6.555959e+09
CPU_CLK_UNHALTED_REF STAT,FIXC2,25237857472,106856160,12860697504,6309464368
L2_LINES_IN_ALL STAT,PMC0,629085287,1113250,316863210,1.572713e+08
L2_TRANS_L2_WB STAT,PMC1,320436343,6540,161947412,8.010909e+07
TABLE,Group 1 Metric,L3,10,,
Metric,HWThread 0,HWThread 1,HWThread 2,HWThread 3,
Runtime (RDTSC) [s],4.0854,4.0854,4.0854,4.0854,
Runtime unhalted [s],4.1892,3.9306,0.0591,0.0351,
Clock [MHz],3320.0887,3313.5566,3350.1763,3350.5253,
CPI,1.3462,1.4126,8.1669,10.1413,
L3 load bandwidth [MBytes/s],4963.8308,4841.4329,32.2524,17.4397,
L3 load data volume [GBytes],20.2792,19.7792,0.1318,0.0712,
L3 evict bandwidth [MBytes/s],2536.9924,2482.3824,0.3286,0.1025,
L3 evict data volume [GBytes],10.3646,10.1415,0.0013,0.0004,
L3 bandwidth [MBytes/s],7500.8232,7323.8153,32.5810,17.5421,
L3 data volume [GBytes],30.6439,29.9207,0.1331,0.0717,
TABLE,Group 1 Metric STAT,L3,10,,
Metric,Sum,Min,Max,Avg,
Runtime (RDTSC) [s] STAT,16.3416,4.0854,4.0854,4.0854,
Runtime unhalted [s] STAT,8.2140,0.0351,4.1892,2.0535,
Clock [MHz] STAT,13334.3469,3313.5566,3350.5253,3333.5867,
CPI STAT,21.0670,1.3462,10.1413,5.2668,
L3 load bandwidth [MBytes/s] STAT,9854.9558,17.4397,4963.8308,2463.7389,
L3 load data volume [GBytes] STAT,40.2614,0.0712,20.2792,10.0653,
L3 evict bandwidth [MBytes/s] STAT,5019.8059,0.1025,2536.9924,1254.9515,
L3 evict data volume [GBytes] STAT,20.5078,0.0004,10.3646,5.1269,
L3 bandwidth [MBytes/s] STAT,14874.7616,17.5421,7500.8232,3718.6904,
L3 data volume [GBytes] STAT,60.7694,0.0717,30.6439,15.1923,
