STRUCT,Info,3,,,
CPU name:,Intel(R) Core(TM) i5-4570 CPU @ 3.20GHz,,,,
CPU type:,Intel Core Haswell processor,,,,
CPU clock:,3.192495109 GHz,,,,
TABLE,Group 1 Raw,L3,5,,
Event,Counter,HWThread 0,HWThread 1,HWThread 2,HWThread 3
INSTR_RETIRED_ANY,FIXC0,18017484,734761280102,6877076,61403122
CPU_CLK_UNHALTED_CORE,FIXC1,25748991,294709583438,17017834,86296814
CPU_CLK_UNHALTED_REF,FIXC2,23131360,261974126848,15279840,77197696
L2_LINES_IN_ALL,PMC0,430954,40970176,453533,1185607
L2_TRANS_L2_WB,PMC1,17733,8336875,10647,47282
TABLE,Group 1 Raw STAT,L3,5,,
Event,Counter,Sum,Min,Max,Avg
INSTR_RETIRED_ANY STAT,FIXC0,734847577784,6877076,734761280102,183711894446
CPU_CLK_UNHALTED_CORE STAT,FIXC1,294838647077,17017834,294709583438,7.370966e+10
CPU_CLK_UNHALTED_REF STAT,FIXC2,262089735744,15279840,261974126848,65522433936
L2_LINES_IN_ALL STAT,PMC0,43040270,430954,40970176,1.076007e+07
L2_TRANS_L2_WB STAT,PMC1,8412537,10647,8336875,2.103134e+06
TABLE,Group 1 Metric,L3,10,,
Metric,HWThread 0,HWThread 1,HWThread 2,HWThread 3,
Runtime (RDTSC) [s],82.1421,82.1421,82.1421,82.1421,
Runtime unhalted [s],0.0081,92.3132,0.0053,0.0270,
Clock [MHz],3553.7698,3591.4192,3555.6231,3568.7873,
CPI,1.4291,0.4011,2.4746,1.4054,
L3 load bandwidth [MBytes/s],0.3358,31.9214,0.3534,0.9238,
L3 load data volume [GBytes],0.0276,2.6221,0.0290,0.0759,
L3 evict bandwidth [MBytes/s],0.0138,6.4956,0.0083,0.0368,
L3 evict data volume [GBytes],0.0011,0.5336,0.0007,0.0030,
L3 bandwidth [MBytes/s],0.3496,38.4170,0.3617,0.9606,
L3 data volume [GBytes],0.0287,3.1557,0.0297,0.0789,
TABLE,Group 1 Metric STAT,L3,10,,
Metric,Sum,Min,Max,Avg,
Runtime (RDTSC) [s] STAT,328.5684,82.1421,82.1421,82.1421,
Runtime unhalted [s] STAT,92.3536,0.0053,92.3132,23.0884,
Clock [MHz] STAT,14269.5994,3553.7698,3591.4192,3567.3998,
CPI STAT,5.7102,0.4011,2.4746,1.4276,
L3 load bandwidth [MBytes/s] STAT,33.5344,0.3358,31.9214,8.3836,
L3 load data volume [GBytes] STAT,2.7546,0.0276,2.6221,0.6886,
L3 evict bandwidth [MBytes/s] STAT,6.5545,0.0083,6.4956,1.6386,
L3 evict data volume [GBytes] STAT,0.5384,0.0007,0.5336,0.1346,
L3 bandwidth [MBytes/s] STAT,40.0889,0.3496,38.4170,10.0222,
L3 data volume [GBytes] STAT,3.2930,0.0287,3.1557,0.8233,
