STRUCT,Info,3,,,
CPU name:,Intel(R) Core(TM) i5-4570 CPU @ 3.20GHz,,,,
CPU type:,Intel Core Haswell processor,,,,
CPU clock:,3.192574288 GHz,,,,
TABLE,Group 1 Raw,L3,5,,
Event,Counter,HWThread 0,HWThread 1,HWThread 2,HWThread 3
INSTR_RETIRED_ANY,FIXC0,28437474,27286461,129920949804,28703172
CPU_CLK_UNHALTED_CORE,FIXC1,79900741,77943257,40057781740,88922307
CPU_CLK_UNHALTED_REF,FIXC2,71867008,69829664,35628915040,79459040
L2_LINES_IN_ALL,PMC0,2443161,2447929,70610226,2645259
L2_TRANS_L2_WB,PMC1,57534,52772,5594642,53876
TABLE,Group 1 Raw STAT,L3,5,,
Event,Counter,Sum,Min,Max,Avg
INSTR_RETIRED_ANY STAT,FIXC0,130005376911,27286461,129920949804,3.250134e+10
CPU_CLK_UNHALTED_CORE STAT,FIXC1,40304548045,77943257,40057781740,1.007614e+10
CPU_CLK_UNHALTED_REF STAT,FIXC2,35850070752,69829664,35628915040,8962517688
L2_LINES_IN_ALL STAT,PMC0,78146575,2443161,70610226,1.953664e+07
L2_TRANS_L2_WB STAT,PMC1,5758824,52772,5594642,1439706
TABLE,Group 1 Metric,L3,10,,
Metric,HWThread 0,HWThread 1,HWThread 2,HWThread 3,
Runtime (RDTSC) [s],11.3059,11.3059,11.3059,11.3059,
Runtime unhalted [s],0.0250,0.0244,12.5472,0.0279,
Clock [MHz],3549.4597,3563.5234,3589.4285,3572.7976,
CPI,2.8097,2.8565,0.3083,3.0980,
L3 load bandwidth [MBytes/s],13.8301,13.8571,399.7067,14.9741,
L3 load data volume [GBytes],0.1564,0.1567,4.5191,0.1693,
L3 evict bandwidth [MBytes/s],0.3257,0.2987,31.6699,0.3050,
L3 evict data volume [GBytes],0.0037,0.0034,0.3581,0.0034,
L3 bandwidth [MBytes/s],14.1558,14.1558,431.3766,15.2791,
L3 data volume [GBytes],0.1600,0.1600,4.8771,0.1727,
TABLE,Group 1 Metric STAT,L3,10,,
Metric,Sum,Min,Max,Avg,
Runtime (RDTSC) [s] STAT,45.2236,11.3059,11.3059,11.3059,
Runtime unhalted [s] STAT,12.6245,0.0244,12.5472,3.1561,
Clock [MHz] STAT,14275.2092,3549.4597,3589.4285,3568.8023,
CPI STAT,9.0725,0.3083,3.0980,2.2681,
L3 load bandwidth [MBytes/s] STAT,442.3680,13.8301,399.7067,110.5920,
L3 load data volume [GBytes] STAT,5.0015,0.1564,4.5191,1.2504,
L3 evict bandwidth [MBytes/s] STAT,32.5993,0.2987,31.6699,8.1498,
L3 evict data volume [GBytes] STAT,0.3686,0.0034,0.3581,0.0921,
L3 bandwidth [MBytes/s] STAT,474.9673,14.1558,431.3766,118.7418,
L3 data volume [GBytes] STAT,5.3698,0.1600,4.8771,1.3425,
