STRUCT,Info,3,,,
CPU name:,Intel(R) Core(TM) i5-4570 CPU @ 3.20GHz,,,,
CPU type:,Intel Core Haswell processor,,,,
CPU clock:,3.192556722 GHz,,,,
TABLE,Group 1 Raw,L3,5,,
Event,Counter,HWThread 0,HWThread 1,HWThread 2,HWThread 3
INSTR_RETIRED_ANY,FIXC0,30300284216,27793211530,25356627728,25650214147
CPU_CLK_UNHALTED_CORE,FIXC1,113599451828,114536550476,113763331413,113781238743
CPU_CLK_UNHALTED_REF,FIXC2,111101481856,111975565696,111260656928,111276693408
L2_LINES_IN_ALL,PMC0,847155063,1023872954,1086312421,1009436356
L2_TRANS_L2_WB,PMC1,4230039,5736599,1257228,2407702
TABLE,Group 1 Raw STAT,L3,5,,
Event,Counter,Sum,Min,Max,Avg
INSTR_RETIRED_ANY STAT,FIXC0,109100337621,25356627728,30300284216,2.727508e+10
CPU_CLK_UNHALTED_CORE STAT,FIXC1,455680572460,113599451828,114536550476,113920143115
CPU_CLK_UNHALTED_REF STAT,FIXC2,445614397888,111101481856,111975565696,111403599472
L2_LINES_IN_ALL STAT,PMC0,3966776794,847155063,1086312421,9.916942e+08
L2_TRANS_L2_WB STAT,PMC1,13631568,1257228,5736599,3407892
TABLE,Group 1 Metric,L3,10,,
Metric,HWThread 0,HWThread 1,HWThread 2,HWThread 3,
Runtime (RDTSC) [s],35.2041,35.2041,35.2041,35.2041,
Runtime unhalted [s],35.5826,35.8761,35.6339,35.6395,
Clock [MHz],3264.3371,3265.5734,3264.3694,3264.4128,
CPI,3.7491,4.1210,4.4865,4.4359,
L3 load bandwidth [MBytes/s],1540.1008,1861.3683,1974.8812,1835.1230,
L3 load data volume [GBytes],54.2179,65.5279,69.5240,64.6039,
L3 evict bandwidth [MBytes/s],7.6901,10.4290,2.2856,4.3771,
L3 evict data volume [GBytes],0.2707,0.3671,0.0805,0.1541,
L3 bandwidth [MBytes/s],1547.7909,1871.7972,1977.1668,1839.5001,
L3 data volume [GBytes],54.4886,65.8950,69.6045,64.7580,
TABLE,Group 1 Metric STAT,L3,10,,
Metric,Sum,Min,Max,Avg,
Runtime (RDTSC) [s] STAT,140.8164,35.2041,35.2041,35.2041,
Runtime unhalted [s] STAT,142.7321,35.5826,35.8761,35.6830,
Clock [MHz] STAT,13058.6927,3264.3371,3265.5734,3264.6732,
CPI STAT,16.7925,3.7491,4.4865,4.1981,
L3 load bandwidth [MBytes/s] STAT,7211.4733,1540.1008,1974.8812,1802.8683,
L3 load data volume [GBytes] STAT,253.8737,54.2179,69.5240,63.4684,
L3 evict bandwidth [MBytes/s] STAT,24.7818,2.2856,10.4290,6.1954,
L3 evict data volume [GBytes] STAT,0.8724,0.0805,0.3671,0.2181,
L3 bandwidth [MBytes/s] STAT,7236.2550,1547.7909,1977.1668,1809.0638,
L3 data volume [GBytes] STAT,254.7461,54.4886,69.6045,63.6865,
