STRUCT,Info,3,,,
CPU name:,Intel(R) Core(TM) i5-4570 CPU @ 3.20GHz,,,,
CPU type:,Intel Core Haswell processor,,,,
CPU clock:,3.192568137 GHz,,,,
TABLE,Group 1 Raw,L3,5,,
Event,Counter,HWThread 0,HWThread 1,HWThread 2,HWThread 3
INSTR_RETIRED_ANY,FIXC0,352651779129,10134709,227170032,359336945509
CPU_CLK_UNHALTED_CORE,FIXC1,133870475885,16804096,126604244,137971839891
CPU_CLK_UNHALTED_REF,FIXC2,119133684064,15456064,115851904,122801932928
L2_LINES_IN_ALL,PMC0,298399456,275186,2020547,306542461
L2_TRANS_L2_WB,PMC1,796556,6611,761983,6543721
TABLE,Group 1 Raw STAT,L3,5,,
Event,Counter,Sum,Min,Max,Avg
INSTR_RETIRED_ANY STAT,FIXC0,712226029379,10134709,359336945509,1.780565e+11
CPU_CLK_UNHALTED_CORE STAT,FIXC1,271985724116,16804096,137971839891,67996431029
CPU_CLK_UNHALTED_REF STAT,FIXC2,242066924960,15456064,122801932928,60516731240
L2_LINES_IN_ALL STAT,PMC0,607237650,275186,306542461,1.518094e+08
L2_TRANS_L2_WB STAT,PMC1,8108871,6611,6543721,2.027218e+06
TABLE,Group 1 Metric,L3,10,,
Metric,HWThread 0,HWThread 1,HWThread 2,HWThread 3,
Runtime (RDTSC) [s],38.6725,38.6725,38.6725,38.6725,
Runtime unhalted [s],41.9319,0.0053,0.0397,43.2166,
Clock [MHz],3587.4876,3471.0144,3488.8738,3586.9509,
CPI,0.3796,1.6581,0.5573,0.3840,
L3 load bandwidth [MBytes/s],493.8283,0.4554,3.3439,507.3044,
L3 load data volume [GBytes],19.0976,0.0176,0.1293,19.6187,
L3 evict bandwidth [MBytes/s],1.3182,0.0109,1.2610,10.8294,
L3 evict data volume [GBytes],0.0510,0.0004,0.0488,0.4188,
L3 bandwidth [MBytes/s],495.1466,0.4664,4.6049,518.1337,
L3 data volume [GBytes],19.1485,0.0180,0.1781,20.0375,
TABLE,Group 1 Metric STAT,L3,10,,
Metric,Sum,Min,Max,Avg,
Runtime (RDTSC) [s] STAT,154.6900,38.6725,38.6725,38.6725,
Runtime unhalted [s] STAT,85.1935,0.0053,43.2166,21.2984,
Clock [MHz] STAT,14134.3267,3471.0144,3587.4876,3533.5817,
CPI STAT,2.9790,0.3796,1.6581,0.7448,
L3 load bandwidth [MBytes/s] STAT,1004.9320,0.4554,507.3044,251.2330,
L3 load data volume [GBytes] STAT,38.8632,0.0176,19.6187,9.7158,
L3 evict bandwidth [MBytes/s] STAT,13.4195,0.0109,10.8294,3.3549,
L3 evict data volume [GBytes] STAT,0.5190,0.0004,0.4188,0.1298,
L3 bandwidth [MBytes/s] STAT,1018.3516,0.4664,518.1337,254.5879,
L3 data volume [GBytes] STAT,39.3821,0.0180,20.0375,9.8455,
