STRUCT,Info,3,,,
CPU name:,Intel(R) Core(TM) i5-4570 CPU @ 3.20GHz,,,,
CPU type:,Intel Core Haswell processor,,,,
CPU clock:,3.192571443 GHz,,,,
TABLE,Group 1 Raw,L3,5,,
Event,Counter,HWThread 0,HWThread 1,HWThread 2,HWThread 3
INSTR_RETIRED_ANY,FIXC0,18007488459,16573400062,16263857568,16347120975
CPU_CLK_UNHALTED_CORE,FIXC1,29005072269,28229575496,24272319947,26727388756
CPU_CLK_UNHALTED_REF,FIXC2,28416100096,27707685760,23919397056,26270374912
L2_LINES_IN_ALL,PMC0,395398310,398967142,330109302,356994548
L2_TRANS_L2_WB,PMC1,140986638,134036220,134057183,133552893
TABLE,Group 1 Raw STAT,L3,5,,
Event,Counter,Sum,Min,Max,Avg
INSTR_RETIRED_ANY STAT,FIXC0,67191867064,16263857568,18007488459,16797966766
CPU_CLK_UNHALTED_CORE STAT,FIXC1,108234356468,24272319947,29005072269,27058589117
CPU_CLK_UNHALTED_REF STAT,FIXC2,106313557824,23919397056,28416100096,26578389456
L2_LINES_IN_ALL STAT,PMC0,1481469302,330109302,398967142,3.703673e+08
L2_TRANS_L2_WB STAT,PMC1,542632934,133552893,140986638,1.356582e+08
TABLE,Group 1 Metric,L3,10,,
Metric,HWThread 0,HWThread 1,HWThread 2,HWThread 3,
Runtime (RDTSC) [s],8.9477,8.9477,8.9477,8.9477,
Runtime unhalted [s],9.0852,8.8423,7.6027,8.3717,
Clock [MHz],3258.7429,3252.7053,3239.6768,3248.1112,
CPI,1.6107,1.7033,1.4924,1.6350,
L3 load bandwidth [MBytes/s],2828.1410,2853.6676,2361.1524,2553.4528,
L3 load data volume [GBytes],25.3055,25.5339,21.1270,22.8477,
L3 evict bandwidth [MBytes/s],1008.4264,958.7126,958.8625,955.2555,
L3 evict data volume [GBytes],9.0231,8.5783,8.5797,8.5474,
L3 bandwidth [MBytes/s],3836.5674,3812.3802,3320.0149,3508.7083,
L3 data volume [GBytes],34.3286,34.1122,29.7067,31.3950,
TABLE,Group 1 Metric STAT,L3,10,,
Metric,Sum,Min,Max,Avg,
Runtime (RDTSC) [s] STAT,35.7908,8.9477,8.9477,8.9477,
Runtime unhalted [s] STAT,33.9019,7.6027,9.0852,8.4755,
Clock [MHz] STAT,12999.2362,3239.6768,3258.7429,3249.8090,
CPI STAT,6.4414,1.4924,1.7033,1.6103,
L3 load bandwidth [MBytes/s] STAT,10596.4138,2361.1524,2853.6676,2649.1035,
L3 load data volume [GBytes] STAT,94.8141,21.1270,25.5339,23.7035,
L3 evict bandwidth [MBytes/s] STAT,3881.2570,955.2555,1008.4264,970.3142,
L3 evict data volume [GBytes] STAT,34.7285,8.5474,9.0231,8.6821,
L3 bandwidth [MBytes/s] STAT,14477.6708,3320.0149,3836.5674,3619.4177,
L3 data volume [GBytes] STAT,129.5425,29.7067,34.3286,32.3856,
