STRUCT,Info,3,,,
CPU name:,Intel(R) Core(TM) i5-4570 CPU @ 3.20GHz,,,,
CPU type:,Intel Core Haswell processor,,,,
CPU clock:,3.192578388 GHz,,,,
TABLE,Group 1 Raw,L3,5,,
Event,Counter,HWThread 0,HWThread 1,HWThread 2,HWThread 3
INSTR_RETIRED_ANY,FIXC0,61517969967,26783507620,28244587861,32587182693
CPU_CLK_UNHALTED_CORE,FIXC1,162563590383,162558945677,163213397707,162539477070
CPU_CLK_UNHALTED_REF,FIXC2,153036268800,153030881056,153622220384,153012007872
L2_LINES_IN_ALL,PMC0,818819574,1889347841,1979825559,1729411797
L2_TRANS_L2_WB,PMC1,625049,1299521,7808347,1346014
TABLE,Group 1 Raw STAT,L3,5,,
Event,Counter,Sum,Min,Max,Avg
INSTR_RETIRED_ANY STAT,FIXC0,149133248141,26783507620,61517969967,3.728331e+10
CPU_CLK_UNHALTED_CORE STAT,FIXC1,650875410837,162539477070,163213397707,1.627189e+11
CPU_CLK_UNHALTED_REF STAT,FIXC2,612701378112,153012007872,153622220384,153175344528
L2_LINES_IN_ALL STAT,PMC0,6417404771,818819574,1979825559,1.604351e+09
L2_TRANS_L2_WB STAT,PMC1,11078931,625049,7808347,2.769733e+06
TABLE,Group 1 Metric,L3,10,,
Metric,HWThread 0,HWThread 1,HWThread 2,HWThread 3,
Runtime (RDTSC) [s],48.2626,48.2626,48.2626,48.2626,
Runtime unhalted [s],50.9192,50.9178,51.1228,50.9117,
Clock [MHz],3391.3334,3391.3559,3391.9023,3391.3680,
CPI,2.6425,6.0694,5.7786,4.9878,
L3 load bandwidth [MBytes/s],1085.8196,2505.4249,2625.4055,2293.3370,
L3 load data volume [GBytes],52.4045,120.9183,126.7088,110.6824,
L3 evict bandwidth [MBytes/s],0.8289,1.7233,10.3545,1.7849,
L3 evict data volume [GBytes],0.0400,0.0832,0.4997,0.0861,
L3 bandwidth [MBytes/s],1086.6485,2507.1481,2635.7600,2295.1219,
L3 data volume [GBytes],52.4445,121.0014,127.2086,110.7685,
TABLE,Group 1 Metric STAT,L3,10,,
Metric,Sum,Min,Max,Avg,
Runtime (RDTSC) [s] STAT,193.0504,48.2626,48.2626,48.2626,
Runtime unhalted [s] STAT,203.8715,50.9117,51.1228,50.9679,
Clock [MHz] STAT,13565.9596,3391.3334,3391.9023,3391.4899,
CPI STAT,19.4783,2.6425,6.0694,4.8696,
L3 load bandwidth [MBytes/s] STAT,8509.9870,1085.8196,2625.4055,2127.4967,
L3 load data volume [GBytes] STAT,410.7140,52.4045,126.7088,102.6785,
L3 evict bandwidth [MBytes/s] STAT,14.6916,0.8289,10.3545,3.6729,
L3 evict data volume [GBytes] STAT,0.7090,0.0400,0.4997,0.1772,
L3 bandwidth [MBytes/s] STAT,8524.6785,1086.6485,2635.7600,2131.1696,
L3 data volume [GBytes] STAT,411.4230,52.4445,127.2086,102.8558,
