STRUCT,Info,3,,,
CPU name:,Intel(R) Core(TM) i5-4570 CPU @ 3.20GHz,,,,
CPU type:,Intel Core Haswell processor,,,,
CPU clock:,3.192570196 GHz,,,,
TABLE,Group 1 Raw,L3,5,,
Event,Counter,HWThread 0,HWThread 1,HWThread 2,HWThread 3
INSTR_RETIRED_ANY,FIXC0,113019090,170003252,53684781295,50643102883
CPU_CLK_UNHALTED_CORE,FIXC1,318884655,417111135,113221778088,112556184438
CPU_CLK_UNHALTED_REF,FIXC2,295409088,383602592,100786808512,100178269600
L2_LINES_IN_ALL,PMC0,9150700,12867445,1362481679,1292145311
L2_TRANS_L2_WB,PMC1,226647,320593,5384748,90
TABLE,Group 1 Raw STAT,L3,5,,
Event,Counter,Sum,Min,Max,Avg
INSTR_RETIRED_ANY STAT,FIXC0,104610906520,113019090,53684781295,26152726630
CPU_CLK_UNHALTED_CORE STAT,FIXC1,226513958316,318884655,113221778088,56628489579
CPU_CLK_UNHALTED_REF STAT,FIXC2,201644089792,295409088,100786808512,50411022448
L2_LINES_IN_ALL STAT,PMC0,2676645135,9150700,1362481679,6.691613e+08
L2_TRANS_L2_WB STAT,PMC1,5932078,90,5384748,1.483020e+06
TABLE,Group 1 Metric,L3,10,,
Metric,HWThread 0,HWThread 1,HWThread 2,HWThread 3,
Runtime (RDTSC) [s],31.9222,31.9222,31.9222,31.9222,
Runtime unhalted [s],0.0999,0.1307,35.4641,35.2557,
Clock [MHz],3446.2773,3471.4483,3586.4661,3587.0406,
CPI,2.8215,2.4535,2.1090,2.2225,
L3 load bandwidth [MBytes/s],18.3460,25.7976,2731.6040,2590.5885,
L3 load data volume [GBytes],0.5856,0.8235,87.1988,82.6973,
L3 evict bandwidth [MBytes/s],0.4544,0.6427,10.7957,0.0002,
L3 evict data volume [GBytes],0.0145,0.0205,0.3446,5.760000e-06,
L3 bandwidth [MBytes/s],18.8004,26.4404,2742.3998,2590.5887,
L3 data volume [GBytes],0.6002,0.8440,87.5435,82.6973,
TABLE,Group 1 Metric STAT,L3,10,,
Metric,Sum,Min,Max,Avg,
Runtime (RDTSC) [s] STAT,127.6888,31.9222,31.9222,31.9222,
Runtime unhalted [s] STAT,70.9504,0.0999,35.4641,17.7376,
Clock [MHz] STAT,14091.2323,3446.2773,3587.0406,3522.8081,
CPI STAT,9.6065,2.1090,2.8215,2.4016,
L3 load bandwidth [MBytes/s] STAT,5366.3361,18.3460,2731.6040,1341.5840,
L3 load data volume [GBytes] STAT,171.3052,0.5856,87.1988,42.8263,
L3 evict bandwidth [MBytes/s] STAT,11.8930,0.0002,10.7957,2.9733,
L3 evict data volume [GBytes] STAT,0.3796,5.760000e-06,0.3446,0.0949,
L3 bandwidth [MBytes/s] STAT,5378.2293,18.8004,2742.3998,1344.5573,
L3 data volume [GBytes] STAT,171.6850,0.6002,87.5435,42.9213,
