STRUCT,Info,3,,,
CPU name:,Intel(R) Core(TM) i5-4570 CPU @ 3.20GHz,,,,
CPU type:,Intel Core Haswell processor,,,,
CPU clock:,3.192489403 GHz,,,,
TABLE,Group 1 Raw,L3,5,,
Event,Counter,HWThread 0,HWThread 1,HWThread 2,HWThread 3
INSTR_RETIRED_ANY,FIXC0,34742403182,156936914,64601625,36110613047
CPU_CLK_UNHALTED_CORE,FIXC1,44214221892,238033849,214087365,45043583481
CPU_CLK_UNHALTED_REF,FIXC2,40489798112,218998976,197304544,41241059072
L2_LINES_IN_ALL,PMC0,4358736525,4466214,5479039,4367678415
L2_TRANS_L2_WB,PMC1,1142809,241988,104219,6596439
TABLE,Group 1 Raw STAT,L3,5,,
Event,Counter,Sum,Min,Max,Avg
INSTR_RETIRED_ANY STAT,FIXC0,71074554768,64601625,36110613047,17768638692
CPU_CLK_UNHALTED_CORE STAT,FIXC1,89709926587,214087365,45043583481,2.242748e+10
CPU_CLK_UNHALTED_REF STAT,FIXC2,82147160704,197304544,41241059072,20536790176
L2_LINES_IN_ALL STAT,PMC0,8736360193,4466214,4367678415,2.184090e+09
L2_TRANS_L2_WB STAT,PMC1,8085455,104219,6596439,2.021364e+06
TABLE,Group 1 Metric,L3,10,,
Metric,HWThread 0,HWThread 1,HWThread 2,HWThread 3,
Runtime (RDTSC) [s],13.0106,13.0106,13.0106,13.0106,
Runtime unhalted [s],13.8494,0.0746,0.0671,14.1092,
Clock [MHz],3486.1482,3469.9730,3464.0441,3486.8446,
CPI,1.2726,1.5167,3.3140,1.2474,
L3 load bandwidth [MBytes/s],21440.9409,21.9696,26.9518,21484.9267,
L3 load data volume [GBytes],278.9591,0.2858,0.3507,279.5314,
L3 evict bandwidth [MBytes/s],5.6216,1.1904,0.5127,32.4484,
L3 evict data volume [GBytes],0.0731,0.0155,0.0067,0.4222,
L3 bandwidth [MBytes/s],21446.5624,23.1600,27.4645,21517.3750,
L3 data volume [GBytes],279.0323,0.3013,0.3573,279.9536,
TABLE,Group 1 Metric STAT,L3,10,,
Metric,Sum,Min,Max,Avg,
Runtime (RDTSC) [s] STAT,52.0424,13.0106,13.0106,13.0106,
Runtime unhalted [s] STAT,28.1003,0.0671,14.1092,7.0251,
Clock [MHz] STAT,13907.0099,3464.0441,3486.8446,3476.7525,
CPI STAT,7.3507,1.2474,3.3140,1.8377,
L3 load bandwidth [MBytes/s] STAT,42974.7890,21.9696,21484.9267,10743.6973,
L3 load data volume [GBytes] STAT,559.1270,0.2858,279.5314,139.7817,
L3 evict bandwidth [MBytes/s] STAT,39.7731,0.5127,32.4484,9.9433,
L3 evict data volume [GBytes] STAT,0.5175,0.0067,0.4222,0.1294,
L3 bandwidth [MBytes/s] STAT,43014.5619,23.1600,21517.3750,10753.6405,
L3 data volume [GBytes] STAT,559.6445,0.3013,279.9536,139.9111,
