STRUCT,Info,3,,,
CPU name:,Intel(R) Core(TM) i5-4570 CPU @ 3.20GHz,,,,
CPU type:,Intel Core Haswell processor,,,,
CPU clock:,3.192574046 GHz,,,,
TABLE,Group 1 Raw,L3,5,,
Event,Counter,HWThread 0,HWThread 1,HWThread 2,HWThread 3
INSTR_RETIRED_ANY,FIXC0,45900732280,40910055893,77911590,34127924
CPU_CLK_UNHALTED_CORE,FIXC1,52500681156,51691168960,214084963,104680647
CPU_CLK_UNHALTED_REF,FIXC2,47874733792,47129911872,197351104,96671968
L2_LINES_IN_ALL,PMC0,492682218,448738104,6958840,3035501
L2_TRANS_L2_WB,PMC1,6186582,1199,142798,60751
TABLE,Group 1 Raw STAT,L3,5,,
Event,Counter,Sum,Min,Max,Avg
INSTR_RETIRED_ANY STAT,FIXC0,86922827687,34127924,45900732280,2.173071e+10
CPU_CLK_UNHALTED_CORE STAT,FIXC1,104510615726,104680647,52500681156,2.612765e+10
CPU_CLK_UNHALTED_REF STAT,FIXC2,95298668736,96671968,47874733792,23824667184
L2_LINES_IN_ALL STAT,PMC0,951414663,3035501,492682218,2.378537e+08
L2_TRANS_L2_WB STAT,PMC1,6391330,1199,6186582,1.597832e+06
TABLE,Group 1 Metric,L3,10,,
Metric,HWThread 0,HWThread 1,HWThread 2,HWThread 3,
Runtime (RDTSC) [s],15.1089,15.1089,15.1089,15.1089,
Runtime unhalted [s],16.4446,16.1911,0.0671,0.0328,
Clock [MHz],3501.0599,3501.5530,3463.2798,3457.0592,
CPI,1.1438,1.2635,2.7478,3.0673,
L3 load bandwidth [MBytes/s],2086.9595,1900.8160,29.4770,12.8581,
L3 load data volume [GBytes],31.5317,28.7192,0.4454,0.1943,
L3 evict bandwidth [MBytes/s],26.2058,0.0051,0.6049,0.2573,
L3 evict data volume [GBytes],0.3959,0.0001,0.0091,0.0039,
L3 bandwidth [MBytes/s],2113.1653,1900.8210,30.0819,13.1155,
L3 data volume [GBytes],31.9276,28.7193,0.4545,0.1982,
TABLE,Group 1 Metric STAT,L3,10,,
Metric,Sum,Min,Max,Avg,
Runtime (RDTSC) [s] STAT,60.4356,15.1089,15.1089,15.1089,
Runtime unhalted [s] STAT,32.7356,0.0328,16.4446,8.1839,
Clock [MHz] STAT,13922.9519,3457.0592,3501.5530,3480.7380,
CPI STAT,8.2224,1.1438,3.0673,2.0556,
L3 load bandwidth [MBytes/s] STAT,4030.1106,12.8581,2086.9595,1007.5276,
L3 load data volume [GBytes] STAT,60.8906,0.1943,31.5317,15.2226,
L3 evict bandwidth [MBytes/s] STAT,27.0731,0.0051,26.2058,6.7683,
L3 evict data volume [GBytes] STAT,0.4090,0.0001,0.3959,0.1022,
L3 bandwidth [MBytes/s] STAT,4057.1837,13.1155,2113.1653,1014.2959,
L3 data volume [GBytes] STAT,61.2996,0.1982,31.9276,15.3249,
