STRUCT,Info,3,,,
CPU name:,Intel(R) Core(TM) i5-4570 CPU @ 3.20GHz,,,,
CPU type:,Intel Core Haswell processor,,,,
CPU clock:,3.192575797 GHz,,,,
TABLE,Group 1 Raw,L3,5,,
Event,Counter,HWThread 0,HWThread 1,HWThread 2,HWThread 3
INSTR_RETIRED_ANY,FIXC0,414184364,40084927416,313287344,38867971767
CPU_CLK_UNHALTED_CORE,FIXC1,1467677991,263502336146,1187921896,259129706457
CPU_CLK_UNHALTED_REF,FIXC2,1354986368,234749414816,1090770624,230838249376
L2_LINES_IN_ALL,PMC0,29140401,8794706593,24230476,8798177121
L2_TRANS_L2_WB,PMC1,713067,4023254631,499663,3997994415
TABLE,Group 1 Raw STAT,L3,5,,
Event,Counter,Sum,Min,Max,Avg
INSTR_RETIRED_ANY STAT,FIXC0,79680370891,313287344,40084927416,1.992009e+10
CPU_CLK_UNHALTED_CORE STAT,FIXC1,525287642490,1187921896,263502336146,1.313219e+11
CPU_CLK_UNHALTED_REF STAT,FIXC2,468033421184,1090770624,234749414816,117008355296
L2_LINES_IN_ALL STAT,PMC0,17646254591,24230476,8798177121,4.411564e+09
L2_TRANS_L2_WB STAT,PMC1,8022461776,499663,4023254631,2005615444
TABLE,Group 1 Metric,L3,10,,
Metric,HWThread 0,HWThread 1,HWThread 2,HWThread 3,
Runtime (RDTSC) [s],74.0580,74.0580,74.0580,74.0580,
Runtime unhalted [s],0.4597,82.5360,0.3721,81.1663,
Clock [MHz],3458.0962,3583.6135,3476.9278,3583.8568,
CPI,3.5435,6.5736,3.7918,6.6669,
L3 load bandwidth [MBytes/s],25.1828,7600.2733,20.9397,7603.2724,
L3 load data volume [GBytes],1.8650,562.8612,1.5508,563.0833,
L3 evict bandwidth [MBytes/s],0.6162,3476.8453,0.4318,3455.0158,
L3 evict data volume [GBytes],0.0456,257.4883,0.0320,255.8716,
L3 bandwidth [MBytes/s],25.7990,11077.1186,21.3715,11058.2882,
L3 data volume [GBytes],1.9106,820.3495,1.5827,818.9550,
TABLE,Group 1 Metric STAT,L3,10,,
Metric,Sum,Min,Max,Avg,
Runtime (RDTSC) [s] STAT,296.2320,74.0580,74.0580,74.0580,
Runtime unhalted [s] STAT,164.5341,0.3721,82.5360,41.1335,
Clock [MHz] STAT,14102.4943,3458.0962,3583.8568,3525.6236,
CPI STAT,20.5758,3.5435,6.6669,5.1440,
L3 load bandwidth [MBytes/s] STAT,15249.6682,20.9397,7603.2724,3812.4171,
L3 load data volume [GBytes] STAT,1129.3603,1.5508,563.0833,282.3401,
L3 evict bandwidth [MBytes/s] STAT,6932.9091,0.4318,3476.8453,1733.2273,
L3 evict data volume [GBytes] STAT,513.4375,0.0320,257.4883,128.3594,
L3 bandwidth [MBytes/s] STAT,22182.5773,21.3715,11077.1186,5545.6443,
L3 data volume [GBytes] STAT,1642.7978,1.5827,820.3495,410.6995,
