STRUCT,Info,3,,,
CPU name:,Intel(R) Core(TM) i5-4570 CPU @ 3.20GHz,,,,
CPU type:,Intel Core Haswell processor,,,,
CPU clock:,3.192576498 GHz,,,,
TABLE,Group 1 Raw,L3,5,,
Event,Counter,HWThread 0,HWThread 1,HWThread 2,HWThread 3
INSTR_RETIRED_ANY,FIXC0,19931920879,20121212385,20017161389,21739739966
CPU_CLK_UNHALTED_CORE,FIXC1,58610749565,58591776255,58589469920,53772814188
CPU_CLK_UNHALTED_REF,FIXC2,57433808352,57416494432,57414017664,52835316992
L2_LINES_IN_ALL,PMC0,2076043403,2093049994,2057471358,1992182959
L2_TRANS_L2_WB,PMC1,2358618,3379738,2433017,6401396
TABLE,Group 1 Raw STAT,L3,5,,
Event,Counter,Sum,Min,Max,Avg
INSTR_RETIRED_ANY STAT,FIXC0,81810034619,19931920879,21739739966,2.045251e+10
CPU_CLK_UNHALTED_CORE STAT,FIXC1,229564809928,53772814188,58610749565,57391202482
CPU_CLK_UNHALTED_REF STAT,FIXC2,225099637440,52835316992,57433808352,56274909360
L2_LINES_IN_ALL STAT,PMC0,8218747714,1992182959,2093049994,2.054687e+09
L2_TRANS_L2_WB STAT,PMC1,14572769,2358618,6401396,3.643192e+06
TABLE,Group 1 Metric,L3,10,,
Metric,HWThread 0,HWThread 1,HWThread 2,HWThread 3,
Runtime (RDTSC) [s],18.2710,18.2710,18.2710,18.2710,
Runtime unhalted [s],18.3584,18.3525,18.3518,16.8431,
Clock [MHz],3257.9992,3257.9267,3257.9390,3249.2248,
CPI,2.9405,2.9119,2.9270,2.4735,
L3 load bandwidth [MBytes/s],7272.0181,7331.5893,7206.9635,6978.2696,
L3 load data volume [GBytes],132.8668,133.9552,131.6782,127.4997,
L3 evict bandwidth [MBytes/s],8.2618,11.8386,8.5224,22.4230,
L3 evict data volume [GBytes],0.1510,0.2163,0.1557,0.4097,
L3 bandwidth [MBytes/s],7280.2800,7343.4279,7215.4859,7000.6926,
L3 data volume [GBytes],133.0177,134.1715,131.8339,127.9094,
TABLE,Group 1 Metric STAT,L3,10,,
Metric,Sum,Min,Max,Avg,
Runtime (RDTSC) [s] STAT,73.0840,18.2710,18.2710,18.2710,
Runtime unhalted [s] STAT,71.9058,16.8431,18.3584,17.9764,
Clock [MHz] STAT,13023.0897,3249.2248,3257.9992,3255.7724,
CPI STAT,11.2529,2.4735,2.9405,2.8132,
L3 load bandwidth [MBytes/s] STAT,28788.8405,6978.2696,7331.5893,7197.2101,
L3 load data volume [GBytes] STAT,525.9999,127.4997,133.9552,131.5000,
L3 evict bandwidth [MBytes/s] STAT,51.0458,8.2618,22.4230,12.7614,
L3 evict data volume [GBytes] STAT,0.9327,0.1510,0.4097,0.2332,
L3 bandwidth [MBytes/s] STAT,28839.8864,7000.6926,7343.4279,7209.9716,
L3 data volume [GBytes] STAT,526.9325,127.9094,134.1715,131.7331,
