STRUCT,Info,3,,,
CPU name:,Intel(R) Core(TM) i5-4570 CPU @ 3.20GHz,,,,
CPU type:,Intel Core Haswell processor,,,,
CPU clock:,3.19252729 GHz,,,,
TABLE,Group 1 Raw,L3,5,,
Event,Counter,HWThread 0,HWThread 1,HWThread 2,HWThread 3
INSTR_RETIRED_ANY,FIXC0,17968659961,18890330934,17743793640,17783353743
CPU_CLK_UNHALTED_CORE,FIXC1,35316684825,36155844301,33692435749,35157896780
CPU_CLK_UNHALTED_REF,FIXC2,33817073056,34592693248,32191675616,33590791808
L2_LINES_IN_ALL,PMC0,2400823930,2412373403,2370976737,2383276581
L2_TRANS_L2_WB,PMC1,3295382,5857755,2618159,3019718
TABLE,Group 1 Raw STAT,L3,5,,
Event,Counter,Sum,Min,Max,Avg
INSTR_RETIRED_ANY STAT,FIXC0,72386138278,17743793640,18890330934,1.809653e+10
CPU_CLK_UNHALTED_CORE STAT,FIXC1,140322861655,33692435749,36155844301,3.508072e+10
CPU_CLK_UNHALTED_REF STAT,FIXC2,134192233728,32191675616,34592693248,33548058432
L2_LINES_IN_ALL STAT,PMC0,9567450651,2370976737,2412373403,2.391863e+09
L2_TRANS_L2_WB STAT,PMC1,14791014,2618159,5857755,3.697754e+06
TABLE,Group 1 Metric,L3,10,,
Metric,HWThread 0,HWThread 1,HWThread 2,HWThread 3,
Runtime (RDTSC) [s],11.1507,11.1507,11.1507,11.1507,
Runtime unhalted [s],11.0623,11.3251,10.5535,11.0126,
Clock [MHz],3334.0993,3336.7890,3341.3613,3341.4677,
CPI,1.9655,1.9140,1.8988,1.9770,
L3 load bandwidth [MBytes/s],13779.6823,13845.9712,13608.3724,13678.9682,
L3 load data volume [GBytes],153.6527,154.3919,151.7425,152.5297,
L3 evict bandwidth [MBytes/s],18.9141,33.6210,15.0271,17.3319,
L3 evict data volume [GBytes],0.2109,0.3749,0.1676,0.1933,
L3 bandwidth [MBytes/s],13798.5964,13879.5922,13623.3995,13696.3000,
L3 data volume [GBytes],153.8636,154.7668,151.9101,152.7230,
TABLE,Group 1 Metric STAT,L3,10,,
Metric,Sum,Min,Max,Avg,
Runtime (RDTSC) [s] STAT,44.6028,11.1507,11.1507,11.1507,
Runtime unhalted [s] STAT,43.9535,10.5535,11.3251,10.9884,
Clock [MHz] STAT,13353.7173,3334.0993,3341.4677,3338.4293,
CPI STAT,7.7553,1.8988,1.9770,1.9388,
L3 load bandwidth [MBytes/s] STAT,54912.9941,13608.3724,13845.9712,13728.2485,
L3 load data volume [GBytes] STAT,612.3168,151.7425,154.3919,153.0792,
L3 evict bandwidth [MBytes/s] STAT,84.8941,15.0271,33.6210,21.2235,
L3 evict data volume [GBytes] STAT,0.9467,0.1676,0.3749,0.2367,
L3 bandwidth [MBytes/s] STAT,54997.8881,13623.3995,13879.5922,13749.4720,
L3 data volume [GBytes] STAT,613.2635,151.9101,154.7668,153.3159,
