STRUCT,Info,3,,,
CPU name:,Intel(R) Core(TM) i5-4570 CPU @ 3.20GHz,,,,
CPU type:,Intel Core Haswell processor,,,,
CPU clock:,3.19257824 GHz,,,,
TABLE,Group 1 Raw,L3,5,,
Event,Counter,HWThread 0,HWThread 1,HWThread 2,HWThread 3
INSTR_RETIRED_ANY,FIXC0,33058431698,31380390728,42395468743,37076728177
CPU_CLK_UNHALTED_CORE,FIXC1,197503610404,197648491084,197511754977,198208377373
CPU_CLK_UNHALTED_REF,FIXC2,190084223232,190224554112,190095893600,190728294976
L2_LINES_IN_ALL,PMC0,2266072600,2425520203,1887200522,2145655535
L2_TRANS_L2_WB,PMC1,4406227,587175,1328640,5405333
TABLE,Group 1 Raw STAT,L3,5,,
Event,Counter,Sum,Min,Max,Avg
INSTR_RETIRED_ANY STAT,FIXC0,143911019346,31380390728,42395468743,3.597775e+10
CPU_CLK_UNHALTED_CORE STAT,FIXC1,790872233838,197503610404,198208377373,1.977181e+11
CPU_CLK_UNHALTED_REF STAT,FIXC2,761132965920,190084223232,190728294976,190283241480
L2_LINES_IN_ALL STAT,PMC0,8724448860,1887200522,2425520203,2181112215
L2_TRANS_L2_WB STAT,PMC1,11727375,587175,5405333,2.931844e+06
TABLE,Group 1 Metric,L3,10,,
Metric,HWThread 0,HWThread 1,HWThread 2,HWThread 3,
Runtime (RDTSC) [s],60.1614,60.1614,60.1614,60.1614,
Runtime unhalted [s],61.8634,61.9087,61.8659,62.0841,
Clock [MHz],3317.1913,3317.1757,3317.1244,3317.7864,
CPI,5.9744,6.2985,4.6588,5.3459,
L3 load bandwidth [MBytes/s],2410.6608,2580.2820,2007.6145,2282.5604,
L3 load data volume [GBytes],145.0286,155.2333,120.7808,137.3220,
L3 evict bandwidth [MBytes/s],4.6874,0.6246,1.4134,5.7502,
L3 evict data volume [GBytes],0.2820,0.0376,0.0850,0.3459,
L3 bandwidth [MBytes/s],2415.3482,2580.9067,2009.0279,2288.3107,
L3 data volume [GBytes],145.3106,155.2709,120.8659,137.6679,
TABLE,Group 1 Metric STAT,L3,10,,
Metric,Sum,Min,Max,Avg,
Runtime (RDTSC) [s] STAT,240.6456,60.1614,60.1614,60.1614,
Runtime unhalted [s] STAT,247.7221,61.8634,62.0841,61.9305,
Clock [MHz] STAT,13269.2778,3317.1244,3317.7864,3317.3194,
CPI STAT,22.2776,4.6588,6.2985,5.5694,
L3 load bandwidth [MBytes/s] STAT,9281.1177,2007.6145,2580.2820,2320.2794,
L3 load data volume [GBytes] STAT,558.3647,120.7808,155.2333,139.5912,
L3 evict bandwidth [MBytes/s] STAT,12.4756,0.6246,5.7502,3.1189,
L3 evict data volume [GBytes] STAT,0.7505,0.0376,0.3459,0.1876,
L3 bandwidth [MBytes/s] STAT,9293.5935,2009.0279,2580.9067,2323.3984,
L3 data volume [GBytes] STAT,559.1153,120.8659,155.2709,139.7788,
