STRUCT,Info,3,,,
CPU name:,Intel(R) Core(TM) i5-4570 CPU @ 3.20GHz,,,,
CPU type:,Intel Core Haswell processor,,,,
CPU clock:,3.192477279 GHz,,,,
TABLE,Group 1 Raw,L3,5,,
Event,Counter,HWThread 0,HWThread 1,HWThread 2,HWThread 3
INSTR_RETIRED_ANY,FIXC0,23428688409,22374945486,22297143409,23261984061
CPU_CLK_UNHALTED_CORE,FIXC1,78313575671,77567122817,77599391087,72099932960
CPU_CLK_UNHALTED_REF,FIXC2,75965367168,75282800736,75311255168,70108009824
L2_LINES_IN_ALL,PMC0,2778981502,2944702062,2882780923,2779629496
L2_TRANS_L2_WB,PMC1,815541583,983812411,847226720,915450901
TABLE,Group 1 Raw STAT,L3,5,,
Event,Counter,Sum,Min,Max,Avg
INSTR_RETIRED_ANY STAT,FIXC0,91362761365,22297143409,23428688409,2.284069e+10
CPU_CLK_UNHALTED_CORE STAT,FIXC1,305580022535,72099932960,78313575671,7.639501e+10
CPU_CLK_UNHALTED_REF STAT,FIXC2,296667432896,70108009824,75965367168,74166858224
L2_LINES_IN_ALL STAT,PMC0,11386093983,2778981502,2944702062,2.846523e+09
L2_TRANS_L2_WB STAT,PMC1,3562031615,815541583,983812411,8.905079e+08
TABLE,Group 1 Metric,L3,10,,
Metric,HWThread 0,HWThread 1,HWThread 2,HWThread 3,
Runtime (RDTSC) [s],23.8914,23.8914,23.8914,23.8914,
Runtime unhalted [s],24.5307,24.2968,24.3070,22.5843,
Clock [MHz],3291.1618,3289.3473,3289.4724,3283.1826,
CPI,3.3426,3.4667,3.4802,3.0995,
L3 load bandwidth [MBytes/s],7444.2942,7888.2239,7722.3505,7446.0300,
L3 load data volume [GBytes],177.8548,188.4609,184.4980,177.8963,
L3 evict bandwidth [MBytes/s],2184.6606,2635.4220,2269.5383,2452.2962,
L3 evict data volume [GBytes],52.1947,62.9640,54.2225,58.5889,
L3 bandwidth [MBytes/s],9628.9548,10523.6459,9991.8888,9898.3262,
L3 data volume [GBytes],230.0495,251.4249,238.7205,236.4851,
TABLE,Group 1 Metric STAT,L3,10,,
Metric,Sum,Min,Max,Avg,
Runtime (RDTSC) [s] STAT,95.5656,23.8914,23.8914,23.8914,
Runtime unhalted [s] STAT,95.7188,22.5843,24.5307,23.9297,
Clock [MHz] STAT,13153.1641,3283.1826,3291.1618,3288.2910,
CPI STAT,13.3890,3.0995,3.4802,3.3472,
L3 load bandwidth [MBytes/s] STAT,30500.8986,7444.2942,7888.2239,7625.2247,
L3 load data volume [GBytes] STAT,728.7100,177.8548,188.4609,182.1775,
L3 evict bandwidth [MBytes/s] STAT,9541.9171,2184.6606,2635.4220,2385.4793,
L3 evict data volume [GBytes] STAT,227.9701,52.1947,62.9640,56.9925,
L3 bandwidth [MBytes/s] STAT,40042.8157,9628.9548,10523.6459,10010.7039,
L3 data volume [GBytes] STAT,956.6800,230.0495,251.4249,239.1700,
