STRUCT,Info,3,,,
CPU name:,Intel(R) Core(TM) i5-4570 CPU @ 3.20GHz,,,,
CPU type:,Intel Core Haswell processor,,,,
CPU clock:,3.192438763 GHz,,,,
TABLE,Group 1 Raw,L3,5,,
Event,Counter,HWThread 0,HWThread 1,HWThread 2,HWThread 3
INSTR_RETIRED_ANY,FIXC0,60026221,719760636871,15073704,10307278
CPU_CLK_UNHALTED_CORE,FIXC1,74798132,281190829331,24845940,22744310
CPU_CLK_UNHALTED_REF,FIXC2,66854336,249962453216,22237376,20501536
L2_LINES_IN_ALL,PMC0,1073148,561698182,435636,503491
L2_TRANS_L2_WB,PMC1,63545,6850485,19036,13592
TABLE,Group 1 Raw STAT,L3,5,,
Event,Counter,Sum,Min,Max,Avg
INSTR_RETIRED_ANY STAT,FIXC0,719846044074,10307278,719760636871,1.799615e+11
CPU_CLK_UNHALTED_CORE STAT,FIXC1,281313217713,22744310,281190829331,7.032830e+10
CPU_CLK_UNHALTED_REF STAT,FIXC2,250072046464,20501536,249962453216,62518011616
L2_LINES_IN_ALL STAT,PMC0,563710457,435636,561698182,1.409276e+08
L2_TRANS_L2_WB STAT,PMC1,6946658,13592,6850485,1.736664e+06
TABLE,Group 1 Metric,L3,10,,
Metric,HWThread 0,HWThread 1,HWThread 2,HWThread 3,
Runtime (RDTSC) [s],78.4029,78.4029,78.4029,78.4029,
Runtime unhalted [s],0.0234,88.0803,0.0078,0.0071,
Clock [MHz],3571.7722,3591.2774,3566.9290,3541.6769,
CPI,1.2461,0.3907,1.6483,2.2066,
L3 load bandwidth [MBytes/s],0.8760,458.5124,0.3556,0.4110,
L3 load data volume [GBytes],0.0687,35.9487,0.0279,0.0322,
L3 evict bandwidth [MBytes/s],0.0519,5.5920,0.0155,0.0111,
L3 evict data volume [GBytes],0.0041,0.4384,0.0012,0.0009,
L3 bandwidth [MBytes/s],0.9279,464.1044,0.3711,0.4221,
L3 data volume [GBytes],0.0727,36.3871,0.0291,0.0331,
TABLE,Group 1 Metric STAT,L3,10,,
Metric,Sum,Min,Max,Avg,
Runtime (RDTSC) [s] STAT,313.6116,78.4029,78.4029,78.4029,
Runtime unhalted [s] STAT,88.1186,0.0071,88.0803,22.0296,
Clock [MHz] STAT,14271.6555,3541.6769,3591.2774,3567.9139,
CPI STAT,5.4917,0.3907,2.2066,1.3729,
L3 load bandwidth [MBytes/s] STAT,460.1550,0.3556,458.5124,115.0387,
L3 load data volume [GBytes] STAT,36.0775,0.0279,35.9487,9.0194,
L3 evict bandwidth [MBytes/s] STAT,5.6705,0.0111,5.5920,1.4176,
L3 evict data volume [GBytes] STAT,0.4446,0.0009,0.4384,0.1111,
L3 bandwidth [MBytes/s] STAT,465.8255,0.3711,464.1044,116.4564,
L3 data volume [GBytes] STAT,36.5220,0.0291,36.3871,9.1305,
