STRUCT,Info,3,,,
CPU name:,Intel(R) Core(TM) i5-4570 CPU @ 3.20GHz,,,,
CPU type:,Intel Core Haswell processor,,,,
CPU clock:,3.192425967 GHz,,,,
TABLE,Group 1 Raw,L3,5,,
Event,Counter,HWThread 0,HWThread 1,HWThread 2,HWThread 3
INSTR_RETIRED_ANY,FIXC0,48809497,148201963745,69667345,51387250
CPU_CLK_UNHALTED_CORE,FIXC1,133840089,81317466850,179768883,153421534
CPU_CLK_UNHALTED_REF,FIXC2,119766848,72308126656,160839712,137103200
L2_LINES_IN_ALL,PMC0,4293197,6846930751,6067146,4718454
L2_TRANS_L2_WB,PMC1,95402,2338269760,132415,96404
TABLE,Group 1 Raw STAT,L3,5,,
Event,Counter,Sum,Min,Max,Avg
INSTR_RETIRED_ANY STAT,FIXC0,148371827837,48809497,148201963745,3.709296e+10
CPU_CLK_UNHALTED_CORE STAT,FIXC1,81784497356,133840089,81317466850,20446124339
CPU_CLK_UNHALTED_REF STAT,FIXC2,72725836416,119766848,72308126656,18181459104
L2_LINES_IN_ALL STAT,PMC0,6862009548,4293197,6846930751,1715502387
L2_TRANS_L2_WB STAT,PMC1,2338593981,95402,2338269760,5.846485e+08
TABLE,Group 1 Metric,L3,10,,
Metric,HWThread 0,HWThread 1,HWThread 2,HWThread 3,
Runtime (RDTSC) [s],22.6956,22.6956,22.6956,22.6956,
Runtime unhalted [s],0.0419,25.4720,0.0563,0.0481,
Clock [MHz],3567.5530,3590.1911,3568.1415,3572.3958,
CPI,2.7421,0.5487,2.5804,2.9856,
L3 load bandwidth [MBytes/s],12.1065,19307.8577,17.1089,13.3057,
L3 load data volume [GBytes],0.2748,438.2036,0.3883,0.3020,
L3 evict bandwidth [MBytes/s],0.2690,6593.7544,0.3734,0.2719,
L3 evict data volume [GBytes],0.0061,149.6493,0.0085,0.0062,
L3 bandwidth [MBytes/s],12.3755,25901.6121,17.4823,13.5776,
L3 data volume [GBytes],0.2809,587.8528,0.3968,0.3082,
TABLE,Group 1 Metric STAT,L3,10,,
Metric,Sum,Min,Max,Avg,
Runtime (RDTSC) [s] STAT,90.7824,22.6956,22.6956,22.6956,
Runtime unhalted [s] STAT,25.6183,0.0419,25.4720,6.4046,
Clock [MHz] STAT,14298.2814,3567.5530,3590.1911,3574.5703,
CPI STAT,8.8568,0.5487,2.9856,2.2142,
L3 load bandwidth [MBytes/s] STAT,19350.3788,12.1065,19307.8577,4837.5947,
L3 load data volume [GBytes] STAT,439.1687,0.2748,438.2036,109.7922,
L3 evict bandwidth [MBytes/s] STAT,6594.6687,0.2690,6593.7544,1648.6672,
L3 evict data volume [GBytes] STAT,149.6701,0.0061,149.6493,37.4175,
L3 bandwidth [MBytes/s] STAT,25945.0475,12.3755,25901.6121,6486.2619,
L3 data volume [GBytes] STAT,588.8387,0.2809,587.8528,147.2097,
