STRUCT,Info,3,,,
CPU name:,Intel(R) Core(TM) i5-4570 CPU @ 3.20GHz,,,,
CPU type:,Intel Core Haswell processor,,,,
CPU clock:,3.192564075 GHz,,,,
TABLE,Group 1 Raw,L3,5,,
Event,Counter,HWThread 0,HWThread 1,HWThread 2,HWThread 3
INSTR_RETIRED_ANY,FIXC0,240911496,217427395,100208261855,94274209861
CPU_CLK_UNHALTED_CORE,FIXC1,615399515,590763333,190216057102,196158282302
CPU_CLK_UNHALTED_REF,FIXC2,568571808,542675680,169300460160,174576912096
L2_LINES_IN_ALL,PMC0,19003527,18351743,2627704308,2472283752
L2_TRANS_L2_WB,PMC1,482179,433988,4812335,65
TABLE,Group 1 Raw STAT,L3,5,,
Event,Counter,Sum,Min,Max,Avg
INSTR_RETIRED_ANY STAT,FIXC0,194940810607,217427395,100208261855,4.873520e+10
CPU_CLK_UNHALTED_CORE STAT,FIXC1,387580502252,590763333,196158282302,96895125563
CPU_CLK_UNHALTED_REF STAT,FIXC2,344988619744,542675680,174576912096,86247154936
L2_LINES_IN_ALL STAT,PMC0,5137343330,18351743,2627704308,1.284336e+09
L2_TRANS_L2_WB STAT,PMC1,5728567,65,4812335,1.432142e+06
TABLE,Group 1 Metric,L3,10,,
Metric,HWThread 0,HWThread 1,HWThread 2,HWThread 3,
Runtime (RDTSC) [s],55.5227,55.5227,55.5227,55.5227,
Runtime unhalted [s],0.1928,0.1850,59.5810,61.4422,
Clock [MHz],3455.5044,3475.4640,3586.9776,3587.2320,
CPI,2.5545,2.7171,1.8982,2.0807,
L3 load bandwidth [MBytes/s],21.9050,21.1537,3028.9059,2849.7556,
L3 load data volume [GBytes],1.2162,1.1745,168.1731,158.2262,
L3 evict bandwidth [MBytes/s],0.5558,0.5002,5.5471,0.0001,
L3 evict data volume [GBytes],0.0309,0.0278,0.3080,4.160000e-06,
L3 bandwidth [MBytes/s],22.4608,21.6540,3034.4530,2849.7556,
L3 data volume [GBytes],1.2471,1.2023,168.4811,158.2262,
TABLE,Group 1 Metric STAT,L3,10,,
Metric,Sum,Min,Max,Avg,
Runtime (RDTSC) [s] STAT,222.0908,55.5227,55.5227,55.5227,
Runtime unhalted [s] STAT,121.4010,0.1850,61.4422,30.3503,
Clock [MHz] STAT,14105.1780,3455.5044,3587.2320,3526.2945,
CPI STAT,9.2505,1.8982,2.7171,2.3126,
L3 load bandwidth [MBytes/s] STAT,5921.7202,21.1537,3028.9059,1480.4300,
L3 load data volume [GBytes] STAT,328.7900,1.1745,168.1731,82.1975,
L3 evict bandwidth [MBytes/s] STAT,6.6032,0.0001,5.5471,1.6508,
L3 evict data volume [GBytes] STAT,0.3667,4.160000e-06,0.3080,0.0917,
L3 bandwidth [MBytes/s] STAT,5928.3234,21.6540,3034.4530,1482.0808,
L3 data volume [GBytes] STAT,329.1567,1.2023,168.4811,82.2892,
