STRUCT,Info,3,,,
CPU name:,Intel(R) Core(TM) i5-4570 CPU @ 3.20GHz,,,,
CPU type:,Intel Core Haswell processor,,,,
CPU clock:,3.19254151 GHz,,,,
TABLE,Group 1 Raw,L3,5,,
Event,Counter,HWThread 0,HWThread 1,HWThread 2,HWThread 3
INSTR_RETIRED_ANY,FIXC0,92002490,66093591318,63829321175,29778085
CPU_CLK_UNHALTED_CORE,FIXC1,255071797,59693436790,58919853270,86692852
CPU_CLK_UNHALTED_REF,FIXC2,234743808,53109823968,52407544768,79888320
L2_LINES_IN_ALL,PMC0,8144485,363661392,329420243,2773876
L2_TRANS_L2_WB,PMC1,195499,12022749,1170558,62029
TABLE,Group 1 Raw STAT,L3,5,,
Event,Counter,Sum,Min,Max,Avg
INSTR_RETIRED_ANY STAT,FIXC0,130044693068,29778085,66093591318,32511173267
CPU_CLK_UNHALTED_CORE STAT,FIXC1,118955054709,86692852,59693436790,2.973876e+10
CPU_CLK_UNHALTED_REF STAT,FIXC2,105832000864,79888320,53109823968,26458000216
L2_LINES_IN_ALL STAT,PMC0,703999996,2773876,363661392,175999999
L2_TRANS_L2_WB STAT,PMC1,13450835,62029,12022749,3.362709e+06
TABLE,Group 1 Metric,L3,10,,
Metric,HWThread 0,HWThread 1,HWThread 2,HWThread 3,
Runtime (RDTSC) [s],16.7415,16.7415,16.7415,16.7415,
Runtime unhalted [s],0.0799,18.6978,18.4555,0.0272,
Clock [MHz],3469.0044,3588.2961,3589.2557,3464.4680,
CPI,2.7724,0.9032,0.9231,2.9113,
L3 load bandwidth [MBytes/s],31.1350,1390.2156,1259.3176,10.6041,
L3 load data volume [GBytes],0.5212,23.2743,21.0829,0.1775,
L3 evict bandwidth [MBytes/s],0.7474,45.9609,4.4748,0.2371,
L3 evict data volume [GBytes],0.0125,0.7695,0.0749,0.0040,
L3 bandwidth [MBytes/s],31.8823,1436.1766,1263.7924,10.8412,
L3 data volume [GBytes],0.5338,24.0438,21.1578,0.1815,
TABLE,Group 1 Metric STAT,L3,10,,
Metric,Sum,Min,Max,Avg,
Runtime (RDTSC) [s] STAT,66.9660,16.7415,16.7415,16.7415,
Runtime unhalted [s] STAT,37.2604,0.0272,18.6978,9.3151,
Clock [MHz] STAT,14111.0242,3464.4680,3589.2557,3527.7560,
CPI STAT,7.5100,0.9032,2.9113,1.8775,
L3 load bandwidth [MBytes/s] STAT,2691.2723,10.6041,1390.2156,672.8181,
L3 load data volume [GBytes] STAT,45.0559,0.1775,23.2743,11.2640,
L3 evict bandwidth [MBytes/s] STAT,51.4202,0.2371,45.9609,12.8551,
L3 evict data volume [GBytes] STAT,0.8609,0.0040,0.7695,0.2152,
L3 bandwidth [MBytes/s] STAT,2742.6925,10.8412,1436.1766,685.6731,
L3 data volume [GBytes] STAT,45.9169,0.1815,24.0438,11.4792,
