STRUCT,Info,3,,,
CPU name:,Intel(R) Core(TM) i5-4570 CPU @ 3.20GHz,,,,
CPU type:,Intel Core Haswell processor,,,,
CPU clock:,3.192576798 GHz,,,,
TABLE,Group 1 Raw,L3,5,,
Event,Counter,HWThread 0,HWThread 1,HWThread 2,HWThread 3
INSTR_RETIRED_ANY,FIXC0,116213767639,87662357482,88514057376,96539484433
CPU_CLK_UNHALTED_CORE,FIXC1,825461704277,823253711344,824639729152,824964746311
CPU_CLK_UNHALTED_REF,FIXC2,800258579104,798117496320,799408053664,799776089536
L2_LINES_IN_ALL,PMC0,9931713453,11463761170,12231374737,11108573833
L2_TRANS_L2_WB,PMC1,1251496,6562421,4458605,2123917
TABLE,Group 1 Raw STAT,L3,5,,
Event,Counter,Sum,Min,Max,Avg
INSTR_RETIRED_ANY STAT,FIXC0,388929666930,87662357482,116213767639,9.723242e+10
CPU_CLK_UNHALTED_CORE STAT,FIXC1,3298319891084,823253711344,825461704277,824579972771
CPU_CLK_UNHALTED_REF STAT,FIXC2,3197560218624,798117496320,800258579104,799390054656
L2_LINES_IN_ALL STAT,PMC0,44735423193,9931713453,12231374737,1.118386e+10
L2_TRANS_L2_WB STAT,PMC1,14396439,1251496,6562421,3.599110e+06
TABLE,Group 1 Metric,L3,10,,
Metric,HWThread 0,HWThread 1,HWThread 2,HWThread 3,
Runtime (RDTSC) [s],251.6249,251.6249,251.6249,251.6249,
Runtime unhalted [s],258.5566,257.8650,258.2991,258.4009,
Clock [MHz],3293.1229,3293.1250,3293.3439,3293.1258,
CPI,7.1030,9.3912,9.3165,8.5454,
L3 load bandwidth [MBytes/s],2526.1001,2915.7716,3111.0117,2825.4308,
L3 load data volume [GBytes],635.6297,733.6807,782.8080,710.9487,
L3 evict bandwidth [MBytes/s],0.3183,1.6691,1.1340,0.5402,
L3 evict data volume [GBytes],0.0801,0.4200,0.2854,0.1359,
L3 bandwidth [MBytes/s],2526.4184,2917.4407,3112.1457,2825.9710,
L3 data volume [GBytes],635.7098,734.1007,783.0933,711.0847,
TABLE,Group 1 Metric STAT,L3,10,,
Metric,Sum,Min,Max,Avg,
Runtime (RDTSC) [s] STAT,1006.4996,251.6249,251.6249,251.6249,
Runtime unhalted [s] STAT,1033.1216,257.8650,258.5566,258.2804,
Clock [MHz] STAT,13172.7176,3293.1229,3293.3439,3293.1794,
CPI STAT,34.3561,7.1030,9.3912,8.5890,
L3 load bandwidth [MBytes/s] STAT,11378.3142,2526.1001,3111.0117,2844.5785,
L3 load data volume [GBytes] STAT,2863.0671,635.6297,782.8080,715.7668,
L3 evict bandwidth [MBytes/s] STAT,3.6616,0.3183,1.6691,0.9154,
L3 evict data volume [GBytes] STAT,0.9214,0.0801,0.4200,0.2303,
L3 bandwidth [MBytes/s] STAT,11381.9758,2526.4184,3112.1457,2845.4939,
L3 data volume [GBytes] STAT,2863.9885,635.7098,783.0933,715.9971,
