STRUCT,Info,3,,,
CPU name:,Intel(R) Core(TM) i5-4570 CPU @ 3.20GHz,,,,
CPU type:,Intel Core Haswell processor,,,,
CPU clock:,3.192574113 GHz,,,,
TABLE,Group 1 Raw,L3,5,,
Event,Counter,HWThread 0,HWThread 1,HWThread 2,HWThread 3
INSTR_RETIRED_ANY,FIXC0,26112859216,24998682662,24942551557,24928804508
CPU_CLK_UNHALTED_CORE,FIXC1,17434011529,26648190854,26658726269,25719102542
CPU_CLK_UNHALTED_REF,FIXC2,16913986240,25309770976,25319768672,24483137824
L2_LINES_IN_ALL,PMC0,290291221,451858800,463980181,442183590
L2_TRANS_L2_WB,PMC1,7343821,1107950,1894671,1305171
TABLE,Group 1 Raw STAT,L3,5,,
Event,Counter,Sum,Min,Max,Avg
INSTR_RETIRED_ANY STAT,FIXC0,100982897943,24928804508,26112859216,2.524572e+10
CPU_CLK_UNHALTED_CORE STAT,FIXC1,96460031194,17434011529,26658726269,2.411501e+10
CPU_CLK_UNHALTED_REF STAT,FIXC2,92026663712,16913986240,25319768672,23006665928
L2_LINES_IN_ALL STAT,PMC0,1648313792,290291221,463980181,412078448
L2_TRANS_L2_WB STAT,PMC1,11651613,1107950,7343821,2.912903e+06
TABLE,Group 1 Metric,L3,10,,
Metric,HWThread 0,HWThread 1,HWThread 2,HWThread 3,
Runtime (RDTSC) [s],8.2118,8.2118,8.2118,8.2118,
Runtime unhalted [s],5.4608,8.3469,8.3502,8.0559,
Clock [MHz],3290.7307,3361.4024,3361.4035,3353.7425,
CPI,0.6676,1.0660,1.0688,1.0317,
L3 load bandwidth [MBytes/s],2262.4390,3521.6463,3616.1165,3446.2407,
L3 load data volume [GBytes],18.5786,28.9190,29.6947,28.2997,
L3 evict bandwidth [MBytes/s],57.2354,8.6350,14.7665,10.1721,
L3 evict data volume [GBytes],0.4700,0.0709,0.1213,0.0835,
L3 bandwidth [MBytes/s],2319.6745,3530.2813,3630.8830,3456.4128,
L3 data volume [GBytes],19.0486,28.9899,29.8160,28.3833,
TABLE,Group 1 Metric STAT,L3,10,,
Metric,Sum,Min,Max,Avg,
Runtime (RDTSC) [s] STAT,32.8472,8.2118,8.2118,8.2118,
Runtime unhalted [s] STAT,30.2138,5.4608,8.3502,7.5534,
Clock [MHz] STAT,13367.2791,3290.7307,3361.4035,3341.8198,
CPI STAT,3.8341,0.6676,1.0688,0.9585,
L3 load bandwidth [MBytes/s] STAT,12846.4425,2262.4390,3616.1165,3211.6106,
L3 load data volume [GBytes] STAT,105.4920,18.5786,29.6947,26.3730,
L3 evict bandwidth [MBytes/s] STAT,90.8090,8.6350,57.2354,22.7022,
L3 evict data volume [GBytes] STAT,0.7457,0.0709,0.4700,0.1864,
L3 bandwidth [MBytes/s] STAT,12937.2516,2319.6745,3630.8830,3234.3129,
L3 data volume [GBytes] STAT,106.2378,19.0486,29.8160,26.5594,
