STRUCT,Info,3,,,
CPU name:,Intel(R) Core(TM) i5-4570 CPU @ 3.20GHz,,,,
CPU type:,Intel Core Haswell processor,,,,
CPU clock:,3.192214454 GHz,,,,
TABLE,Group 1 Raw,L3,5,,
Event,Counter,HWThread 0,HWThread 1,HWThread 2,HWThread 3
INSTR_RETIRED_ANY,FIXC0,31183504203,31549213886,31530066419,32812511418
CPU_CLK_UNHALTED_CORE,FIXC1,50106300765,58499484273,58512761693,57401024812
CPU_CLK_UNHALTED_REF,FIXC2,47684812512,55321969664,55329663808,54358564288
L2_LINES_IN_ALL,PMC0,4416139472,4527193819,4534683129,4495733514
L2_TRANS_L2_WB,PMC1,2148059582,2146878811,2143840622,2153657083
TABLE,Group 1 Raw STAT,L3,5,,
Event,Counter,Sum,Min,Max,Avg
INSTR_RETIRED_ANY STAT,FIXC0,127075295926,31183504203,32812511418,3.176882e+10
CPU_CLK_UNHALTED_CORE STAT,FIXC1,224519571543,50106300765,58512761693,5.612989e+10
CPU_CLK_UNHALTED_REF STAT,FIXC2,212695010272,47684812512,55329663808,53173752568
L2_LINES_IN_ALL STAT,PMC0,17973749934,4416139472,4534683129,4.493437e+09
L2_TRANS_L2_WB STAT,PMC1,8592436098,2143840622,2153657083,2.148109e+09
TABLE,Group 1 Metric,L3,10,,
Metric,HWThread 0,HWThread 1,HWThread 2,HWThread 3,
Runtime (RDTSC) [s],17.7089,17.7089,17.7089,17.7089,
Runtime unhalted [s],15.6964,18.3257,18.3298,17.9816,
Clock [MHz],3354.3187,3375.5649,3375.8615,3370.8834,
CPI,1.6068,1.8542,1.8558,1.7494,
L3 load bandwidth [MBytes/s],15959.9355,16361.2861,16388.3525,16247.5885,
L3 load data volume [GBytes],282.6329,289.7404,290.2197,287.7269,
L3 evict bandwidth [MBytes/s],7763.0909,7758.8236,7747.8436,7783.3203,
L3 evict data volume [GBytes],137.4758,137.4002,137.2058,137.8341,
L3 bandwidth [MBytes/s],23723.0264,24120.1097,24136.1961,24030.9088,
L3 data volume [GBytes],420.1087,427.1406,427.4255,425.5610,
TABLE,Group 1 Metric STAT,L3,10,,
Metric,Sum,Min,Max,Avg,
Runtime (RDTSC) [s] STAT,70.8356,17.7089,17.7089,17.7089,
Runtime unhalted [s] STAT,70.3335,15.6964,18.3298,17.5834,
Clock [MHz] STAT,13476.6285,3354.3187,3375.8615,3369.1571,
CPI STAT,7.0662,1.6068,1.8558,1.7666,
L3 load bandwidth [MBytes/s] STAT,64957.1626,15959.9355,16388.3525,16239.2906,
L3 load data volume [GBytes] STAT,1150.3199,282.6329,290.2197,287.5800,
L3 evict bandwidth [MBytes/s] STAT,31053.0784,7747.8436,7783.3203,7763.2696,
L3 evict data volume [GBytes] STAT,549.9159,137.2058,137.8341,137.4790,
L3 bandwidth [MBytes/s] STAT,96010.2410,23723.0264,24136.1961,24002.5603,
L3 data volume [GBytes] STAT,1700.2358,420.1087,427.4255,425.0589,
