STRUCT,Info,3,,,
CPU name:,Intel(R) Core(TM) i5-4570 CPU @ 3.20GHz,,,,
CPU type:,Intel Core Haswell processor,,,,
CPU clock:,3.192558425 GHz,,,,
TABLE,Group 1 Raw,L3,5,,
Event,Counter,HWThread 0,HWThread 1,HWThread 2,HWThread 3
INSTR_RETIRED_ANY,FIXC0,22663724932,24116829441,23655871663,29925475604
CPU_CLK_UNHALTED_CORE,FIXC1,105505153089,106222729220,105524400224,105191233014
CPU_CLK_UNHALTED_REF,FIXC2,103323842688,103978755680,103342542208,103032579584
L2_LINES_IN_ALL,PMC0,912960476,933763677,882814207,703657629
L2_TRANS_L2_WB,PMC1,1310742,5875635,2888454,2095033
TABLE,Group 1 Raw STAT,L3,5,,
Event,Counter,Sum,Min,Max,Avg
INSTR_RETIRED_ANY STAT,FIXC0,100361901640,22663724932,29925475604,25090475410
CPU_CLK_UNHALTED_CORE STAT,FIXC1,422443515547,105191233014,106222729220,1.056109e+11
CPU_CLK_UNHALTED_REF STAT,FIXC2,413677720160,103032579584,103978755680,103419430040
L2_LINES_IN_ALL STAT,PMC0,3433195989,703657629,933763677,8.582990e+08
L2_TRANS_L2_WB STAT,PMC1,12169864,1310742,5875635,3042466
TABLE,Group 1 Metric,L3,10,,
Metric,HWThread 0,HWThread 1,HWThread 2,HWThread 3,
Runtime (RDTSC) [s],32.7134,32.7134,32.7134,32.7134,
Runtime unhalted [s],33.0472,33.2720,33.0532,32.9489,
Clock [MHz],3259.9578,3261.4573,3259.9625,3259.4463,
CPI,4.6552,4.4045,4.4608,3.5151,
L3 load bandwidth [MBytes/s],1786.1001,1826.7992,1727.1225,1376.6237,
L3 load data volume [GBytes],58.4295,59.7609,56.5001,45.0341,
L3 evict bandwidth [MBytes/s],2.5643,11.4950,5.6509,4.0987,
L3 evict data volume [GBytes],0.0839,0.3760,0.1849,0.1341,
L3 bandwidth [MBytes/s],1788.6645,1838.2942,1732.7734,1380.7223,
L3 data volume [GBytes],58.5134,60.1369,56.6850,45.1682,
TABLE,Group 1 Metric STAT,L3,10,,
Metric,Sum,Min,Max,Avg,
Runtime (RDTSC) [s] STAT,130.8536,32.7134,32.7134,32.7134,
Runtime unhalted [s] STAT,132.3213,32.9489,33.2720,33.0803,
Clock [MHz] STAT,13040.8239,3259.4463,3261.4573,3260.2060,
CPI STAT,17.0356,3.5151,4.6552,4.2589,
L3 load bandwidth [MBytes/s] STAT,6716.6455,1376.6237,1826.7992,1679.1614,
L3 load data volume [GBytes] STAT,219.7246,45.0341,59.7609,54.9311,
L3 evict bandwidth [MBytes/s] STAT,23.8089,2.5643,11.4950,5.9522,
L3 evict data volume [GBytes] STAT,0.7789,0.0839,0.3760,0.1947,
L3 bandwidth [MBytes/s] STAT,6740.4544,1380.7223,1838.2942,1685.1136,
L3 data volume [GBytes] STAT,220.5035,45.1682,60.1369,55.1259,
