STRUCT,Info,3,,,
CPU name:,Intel(R) Core(TM) i5-4570 CPU @ 3.20GHz,,,,
CPU type:,Intel Core Haswell processor,,,,
CPU clock:,3.192469214 GHz,,,,
TABLE,Group 1 Raw,L3,5,,
Event,Counter,HWThread 0,HWThread 1,HWThread 2,HWThread 3
INSTR_RETIRED_ANY,FIXC0,7643644950,7418934436,8740053327,7861849995
CPU_CLK_UNHALTED_CORE,FIXC1,47988442134,48000607148,42531803904,46520229959
CPU_CLK_UNHALTED_REF,FIXC2,47325552416,47335348256,42151513728,45910933088
L2_LINES_IN_ALL,PMC0,552056334,582851948,455678334,498864197
L2_TRANS_L2_WB,PMC1,2117286,3309942,5041510,1970472
TABLE,Group 1 Raw STAT,L3,5,,
Event,Counter,Sum,Min,Max,Avg
INSTR_RETIRED_ANY STAT,FIXC0,31664482708,7418934436,8740053327,7916120677
CPU_CLK_UNHALTED_CORE STAT,FIXC1,185041083145,42531803904,48000607148,4.626027e+10
CPU_CLK_UNHALTED_REF STAT,FIXC2,182723347488,42151513728,47335348256,45680836872
L2_LINES_IN_ALL STAT,PMC0,2089450813,455678334,582851948,5.223627e+08
L2_TRANS_L2_WB STAT,PMC1,12439210,1970472,5041510,3.109802e+06
TABLE,Group 1 Metric,L3,10,,
Metric,HWThread 0,HWThread 1,HWThread 2,HWThread 3,
Runtime (RDTSC) [s],15.1061,15.1061,15.1061,15.1061,
Runtime unhalted [s],15.0318,15.0356,13.3225,14.5719,
Clock [MHz],3237.1862,3237.3367,3221.2716,3234.8374,
CPI,6.2782,6.4700,4.8663,5.9172,
L3 load bandwidth [MBytes/s],2338.8980,2469.3699,1930.5732,2113.5388,
L3 load data volume [GBytes],35.3316,37.3025,29.1634,31.9273,
L3 evict bandwidth [MBytes/s],8.9703,14.0232,21.3594,8.3483,
L3 evict data volume [GBytes],0.1355,0.2118,0.3227,0.1261,
L3 bandwidth [MBytes/s],2347.8684,2483.3931,1951.9326,2121.8871,
L3 data volume [GBytes],35.4671,37.5144,29.4861,32.0534,
TABLE,Group 1 Metric STAT,L3,10,,
Metric,Sum,Min,Max,Avg,
Runtime (RDTSC) [s] STAT,60.4244,15.1061,15.1061,15.1061,
Runtime unhalted [s] STAT,57.9618,13.3225,15.0356,14.4904,
Clock [MHz] STAT,12930.6319,3221.2716,3237.3367,3232.6580,
CPI STAT,23.5317,4.8663,6.4700,5.8829,
L3 load bandwidth [MBytes/s] STAT,8852.3799,1930.5732,2469.3699,2213.0950,
L3 load data volume [GBytes] STAT,133.7248,29.1634,37.3025,33.4312,
L3 evict bandwidth [MBytes/s] STAT,52.7012,8.3483,21.3594,13.1753,
L3 evict data volume [GBytes] STAT,0.7961,0.1261,0.3227,0.1990,
L3 bandwidth [MBytes/s] STAT,8905.0812,1951.9326,2483.3931,2226.2703,
L3 data volume [GBytes] STAT,134.5210,29.4861,37.5144,33.6303,
